depth (m),Ca (ppm),time (kyr),uncertainty (kyr)
228.85,243073.4,2019.33,63.98
228.95,229241.8,2018.28,63.96
229.05,216114.3,2017.24,63.95
229.15,184453.5,2016.20,63.93
229.25,179498.5,2015.17,63.91
229.35,195893.1,2014.13,63.90
229.45,173286.0,2013.08,63.88
229.55,174934.5,2012.04,63.86
229.65,175335.6,2011.00,63.85
229.75,188475.5,2009.95,63.83
229.85,189836.8,2008.91,63.81
229.95,203732.9,2007.87,63.80
230.05,189669.1,2006.82,63.78
230.15,190734.1,2005.78,63.76
230.25,196607.8,2004.74,63.75
230.35,181723.9,2003.69,63.73
230.45,177236.3,2002.65,63.71
230.55,175240.5,2001.61,63.70
230.65,174559.8,2000.56,63.68
230.75,169915.8,1999.52,63.66
230.85,169031.8,1998.48,63.65
230.95,174605.6,1997.43,63.63
231.05,173569.8,1996.39,63.61
231.15,180825.8,1995.35,63.60
231.25,185497.4,1994.30,63.58
231.35,175605.5,1993.26,63.56
231.45,171270.1,1992.22,63.55
231.55,175875.3,1991.17,63.53
231.65,165940.2,1990.13,63.51
231.75,160438.9,1989.09,63.50
231.85,151790.9,1988.06,63.48
231.95,147583.1,1987.04,63.46
232.05,154778.1,1986.02,63.45
232.15,156720.0,1985.00,63.43
232.25,179880.9,1983.98,63.42
232.35,187047.1,1982.96,63.40
232.45,185644.7,1981.94,63.38
232.55,199757.7,1980.92,63.37
232.65,196780.6,1979.89,63.35
232.75,189149.0,1978.87,63.33
232.85,192377.2,1977.85,63.32
232.95,208468.0,1976.83,63.30
233.05,212907.8,1975.81,63.29
233.15,196635.9,1974.79,63.27
233.25,174305.2,1973.76,63.25
233.35,177784.4,1972.72,63.24
233.45,169537.9,1971.68,63.22
233.55,173108.1,1970.65,63.20
233.65,187289.8,1969.62,63.19
233.75,190142.1,1968.60,63.17
233.85,184197.8,1967.58,63.15
233.95,176933.0,1966.56,63.14
234.05,202526.9,1965.54,63.12
234.15,192380.4,1964.52,63.10
234.25,203225.4,1963.49,63.09
234.35,201272.6,1962.47,63.07
234.45,189428.2,1961.45,63.05
234.55,182565.9,1960.43,63.04
234.65,170887.1,1959.41,63.02
234.75,162200.8,1958.39,63.01
234.85,152197.8,1957.37,62.99
234.95,143210.8,1956.35,62.97
235.05,148421.8,1955.32,62.96
235.15,146352.0,1954.30,62.94
235.25,154411.4,1953.28,62.92
235.35,155518.4,1952.26,62.91
235.45,152361.2,1951.24,62.89
235.55,146917.3,1950.22,62.87
235.65,157350.6,1949.20,62.86
235.75,170816.4,1948.18,62.84
235.85,165294.2,1947.16,62.82
235.95,169914.4,1946.15,62.81
236.05,183618.0,1945.12,62.79
236.15,165966.1,1944.10,62.78
236.25,185280.9,1943.08,62.76
236.35,188364.2,1942.06,62.74
236.45,164268.2,1941.03,62.73
236.55,180757.4,1940.01,62.71
236.65,198521.2,1938.98,62.69
236.75,170976.7,1937.95,62.68
236.85,161834.3,1936.92,62.66
236.95,142931.0,1935.88,62.64
237.05,132081.3,1934.85,62.63
237.15,131370.4,1933.81,62.61
237.25,111896.6,1932.77,62.59
237.35,128378.1,1931.72,62.58
237.45,122282.2,1930.68,62.56
237.55,136040.0,1929.63,62.54
237.65,139484.6,1928.59,62.52
237.75,129998.9,1927.54,62.51
237.85,178750.2,1926.49,62.49
237.95,184707.4,1925.43,62.47
238.05,183679.3,1924.38,62.46
238.15,126152.6,1923.32,62.44
238.25,122770.5,1922.26,62.42
238.35,118312.5,1921.20,62.40
238.45,108591.4,1920.13,62.39
238.55,117327.1,1919.07,62.37
238.65,136711.3,1918.00,62.35
238.75,132533.6,1916.93,62.34
238.85,148196.8,1915.86,62.32
238.95,165007.0,1914.79,62.30
239.05,126719.7,1913.71,62.28
239.15,132669.4,1912.63,62.27
239.25,153197.1,1911.55,62.25
239.35,151260.1,1910.47,62.23
239.45,155044.1,1909.39,62.21
239.55,136152.5,1908.30,62.19
239.65,135153.3,1907.22,62.18
239.75,134572.0,1906.13,62.16
239.85,134673.0,1905.04,62.14
239.95,128022.6,1903.94,62.12
240.05,148765.7,1902.85,62.11
240.15,143711.8,1901.75,62.09
240.25,146790.7,1900.65,62.07
240.35,149578.2,1899.55,62.05
240.45,168614.5,1898.45,62.03
240.55,183528.4,1897.35,62.02
240.65,188346.9,1896.24,62.00
240.75,170310.9,1895.13,61.98
240.85,160196.2,1894.02,61.96
240.95,168369.0,1892.91,61.94
241.05,170777.4,1891.79,61.93
241.15,177131.5,1890.68,61.91
241.25,187881.8,1889.56,61.89
241.35,200753.5,1888.44,61.87
241.45,220774.7,1887.32,61.85
241.55,213100.5,1886.19,61.83
241.65,203928.4,1885.07,61.81
241.75,204484.6,1883.94,61.80
241.85,227177.9,1882.81,61.78
241.95,250970.8,1881.68,61.76
242.05,239539.7,1880.54,61.74
242.15,257437.9,1879.41,61.72
242.25,266556.5,1878.27,61.70
242.35,268615.0,1877.13,61.68
242.45,266127.0,1875.99,61.67
242.55,282334.9,1874.84,61.65
242.65,264535.9,1873.70,61.63
242.75,258368.7,1872.55,61.61
242.85,271134.3,1871.40,61.59
242.95,265246.0,1870.25,61.57
243.05,269887.6,1869.10,61.55
243.15,250370.1,1867.94,61.53
243.25,244083.5,1866.78,61.51
243.35,244397.0,1865.63,61.50
243.45,254547.3,1864.46,61.48
243.55,251804.1,1863.30,61.46
243.65,252943.9,1862.14,61.44
243.75,254667.3,1860.97,61.42
243.85,256688.8,1859.80,61.40
243.95,249019.3,1858.63,61.38
244.05,232641.1,1857.46,61.36
244.15,265543.5,1856.28,61.34
244.25,235559.0,1855.10,61.32
244.35,220163.4,1853.93,61.30
244.45,215484.2,1852.74,61.28
244.55,192346.5,1851.56,61.26
244.65,207571.5,1850.38,61.24
244.75,219974.8,1849.19,61.22
244.85,191727.0,1848.00,61.20
244.95,188266.4,1846.81,61.18
245.05,179756.8,1845.62,61.16
245.15,166587.8,1844.42,61.14
245.25,203552.3,1843.23,61.13
245.35,229380.7,1842.03,61.11
245.45,254108.9,1840.83,61.09
245.55,238637.3,1839.63,61.07
245.65,259704.4,1838.43,61.05
245.75,239557.6,1837.23,61.03
245.85,239967.9,1836.04,61.01
245.95,241798.6,1834.84,60.99
246.05,197759.4,1833.64,60.97
246.15,207931.4,1832.44,60.95
246.25,186897.3,1831.24,60.93
246.35,175907.8,1830.04,60.91
246.45,191243.5,1828.84,60.89
246.55,167248.4,1827.64,60.87
246.65,165061.2,1826.45,60.85
246.75,160089.7,1825.25,60.83
246.85,153500.8,1824.05,60.81
246.95,159762.3,1822.85,60.79
247.05,154734.6,1821.65,60.77
247.15,139988.1,1820.45,60.75
247.25,132758.4,1819.25,60.73
247.35,125069.7,1818.05,60.71
247.45,154736.1,1816.85,60.69
247.55,142911.8,1815.66,60.67
247.65,122919.4,1814.46,60.65
247.75,152923.4,1813.26,60.63
247.85,161766.9,1812.06,60.61
247.95,164218.8,1810.86,60.59
248.05,154084.3,1809.66,60.57
248.15,157652.5,1808.46,60.55
248.25,156566.3,1807.26,60.53
248.35,168017.1,1806.07,60.51
248.45,168643.9,1804.87,60.49
248.55,160965.9,1803.67,60.47
248.65,169754.9,1802.47,60.45
248.75,178076.3,1801.27,60.43
248.85,173458.1,1800.07,60.41
248.95,171311.2,1798.87,60.39
249.05,167595.9,1797.67,60.37
249.15,174743.8,1796.48,60.34
249.25,178355.0,1795.28,60.32
249.35,169562.1,1794.08,60.30
249.45,171004.8,1792.88,60.28
249.55,167693.4,1791.68,60.26
249.65,156287.9,1790.48,60.24
249.75,153007.3,1789.28,60.22
249.85,144985.9,1788.08,60.20
249.95,142289.8,1786.88,60.18
250.05,139615.9,1785.69,60.16
250.15,139035.4,1784.49,60.14
250.25,136226.0,1783.29,60.12
250.35,4808.8,1782.09,60.10
250.45,144874.9,1780.89,60.08
250.55,141002.4,1779.69,60.06
250.65,142640.9,1778.49,60.04
250.75,143143.8,1777.29,60.02
250.85,141519.3,1776.10,60.00
250.95,149846.2,1774.90,59.98
251.05,194470.3,1773.71,59.96
251.15,161897.5,1772.53,59.94
251.25,168816.6,1771.36,59.92
251.35,166333.5,1770.18,59.90
251.45,161105.9,1769.00,59.88
251.55,154742.1,1767.83,59.86
251.65,160384.0,1766.65,59.84
251.75,167726.2,1765.47,59.82
251.85,165984.4,1764.30,59.80
251.95,170369.9,1763.12,59.78
252.05,160451.1,1761.94,59.76
252.15,159920.8,1760.77,59.74
252.25,154223.8,1759.59,59.72
252.35,167026.9,1758.41,59.70
252.45,169017.9,1757.24,59.68
252.55,169665.4,1756.06,59.66
252.65,159347.1,1754.88,59.64
252.75,156481.9,1753.71,59.62
252.85,153782.7,1752.53,59.60
252.95,147919.0,1751.35,59.58
253.05,144928.9,1750.18,59.56
253.15,138841.4,1749.00,59.54
253.25,142435.6,1747.82,59.52
253.35,147564.9,1746.65,59.50
253.45,163042.4,1745.47,59.48
253.55,169637.3,1744.29,59.46
253.65,178182.0,1743.12,59.44
253.75,184576.9,1741.94,59.42
253.85,174196.5,1740.76,59.40
253.95,144471.4,1739.59,59.38
254.05,136514.1,1738.41,59.36
254.15,127031.1,1737.23,59.34
254.25,144634.8,1736.06,59.32
254.35,153732.6,1734.88,59.30
254.45,174476.7,1733.70,59.28
254.55,185822.2,1732.53,59.26
254.65,189606.6,1731.35,59.24
254.75,182617.5,1730.18,59.22
254.85,84846.0,1728.99,59.20
254.95,124175.9,1727.80,59.18
255.05,155543.6,1726.60,59.16
255.15,212983.1,1725.41,59.14
255.25,220124.8,1724.23,59.12
255.35,227646.9,1723.05,59.10
255.45,238997.3,1721.87,59.08
255.55,229425.2,1720.70,59.06
255.65,230972.1,1719.52,59.04
255.75,190042.2,1718.34,59.02
255.85,185721.4,1717.17,59.00
255.95,193569.9,1715.99,58.98
256.05,192457.8,1714.81,58.96
256.15,194304.9,1713.64,58.94
256.25,207201.3,1712.46,58.92
256.35,189656.2,1711.28,58.90
256.45,184393.3,1710.11,58.88
256.55,176728.7,1708.93,58.86
256.65,175307.0,1707.75,58.84
256.75,190525.1,1706.58,58.82
256.85,198054.5,1705.40,58.80
256.95,208905.4,1704.22,58.78
257.05,196012.5,1703.05,58.75
257.15,176316.0,1701.87,58.73
257.25,195899.6,1700.69,58.71
257.35,194879.6,1699.52,58.69
257.45,171166.0,1698.34,58.67
257.55,148847.7,1697.16,58.65
257.65,172809.3,1695.99,58.63
257.75,185532.7,1694.81,58.61
257.85,187959.1,1693.63,58.59
257.95,162925.6,1692.46,58.57
258.05,142507.9,1691.28,58.55
258.15,153364.7,1690.10,58.53
258.25,148243.7,1688.93,58.51
258.35,144599.3,1687.75,58.49
258.45,128757.3,1686.57,58.47
258.55,164275.4,1685.40,58.45
258.65,189627.0,1684.22,58.43
258.75,194761.9,1683.04,58.41
258.85,198720.1,1681.87,58.39
258.95,220816.9,1680.69,58.37
259.05,211091.4,1679.51,58.35
259.15,229795.8,1678.34,58.33
259.25,240304.5,1677.16,58.31
259.35,233360.7,1675.98,58.29
259.45,239641.4,1674.81,58.27
259.55,237488.7,1673.63,58.25
259.65,239772.4,1672.46,58.22
259.75,222901.3,1671.28,58.20
259.85,226039.0,1670.10,58.18
259.95,218743.9,1668.93,58.16
260.05,211335.5,1667.75,58.14
260.15,224281.3,1666.57,58.12
260.25,221962.0,1665.40,58.10
260.35,209476.6,1664.22,58.08
260.45,207638.8,1663.04,58.06
260.55,216450.8,1661.87,58.04
260.65,211329.7,1660.69,58.02
260.75,213745.7,1659.51,58.00
260.85,207553.6,1658.34,57.98
260.95,202353.3,1657.16,57.96
261.05,202427.7,1655.98,57.94
261.15,213718.1,1654.81,57.92
261.25,202751.9,1653.63,57.90
261.35,231026.6,1652.45,57.88
261.45,261005.2,1651.28,57.85
261.55,305102.0,1650.10,57.83
261.65,316186.8,1648.92,57.81
261.75,301923.8,1647.75,57.79
261.85,292270.1,1646.57,57.77
261.95,241265.6,1645.39,57.75
262.05,239501.2,1644.22,57.73
262.15,226944.3,1643.04,57.71
262.25,216377.0,1641.86,57.69
262.35,208610.5,1640.69,57.67
262.45,229520.3,1639.51,57.65
262.55,235593.4,1638.33,57.63
262.65,239357.9,1637.16,57.61
262.75,223588.4,1635.98,57.59
262.85,203659.2,1634.80,57.57
262.95,216504.7,1633.63,57.54
263.05,253971.3,1632.45,57.52
263.15,222871.8,1631.27,57.50
263.25,215834.9,1630.10,57.48
263.35,223724.2,1628.92,57.46
263.45,238142.7,1627.74,57.44
263.55,211165.6,1626.57,57.42
263.65,190751.9,1625.39,57.40
263.75,168171.3,1624.22,57.38
263.85,142203.3,1623.04,57.36
263.95,143384.8,1621.87,57.34
264.05,172582.6,1620.70,57.32
264.15,192472.1,1619.52,57.30
264.25,195622.3,1618.35,57.28
264.35,169636.0,1617.18,57.25
264.45,174978.2,1616.01,57.23
264.55,215650.4,1614.84,57.21
264.65,213087.4,1613.67,57.19
264.75,222924.0,1612.50,57.17
264.85,230735.1,1611.33,57.15
264.95,220614.9,1610.16,57.13
265.05,200717.1,1608.99,57.11
265.15,173727.2,1607.83,57.09
265.25,160185.9,1606.66,57.07
265.35,150075.3,1605.50,57.05
265.45,151007.6,1604.33,57.03
265.55,169541.1,1603.17,57.01
265.65,165620.5,1602.00,56.99
265.75,173112.5,1600.84,56.96
265.85,176470.0,1599.68,56.94
265.95,163525.6,1598.51,56.92
266.05,148211.5,1597.35,56.90
266.15,143725.9,1596.19,56.88
266.25,153881.8,1595.03,56.86
266.35,132546.9,1593.87,56.84
266.45,128649.7,1592.71,56.82
266.55,135444.4,1591.55,56.80
266.65,134423.8,1590.39,56.78
266.75,151599.8,1589.24,56.76
266.85,177981.3,1588.08,56.74
266.95,186857.0,1586.92,56.72
267.05,197702.8,1585.77,56.70
267.15,229538.8,1584.61,56.67
267.25,212928.6,1583.46,56.65
267.35,215198.0,1582.30,56.63
267.45,198982.5,1581.15,56.61
267.55,184238.2,1580.00,56.59
267.65,180493.4,1578.85,56.57
267.75,178200.9,1577.69,56.55
267.85,192510.6,1576.54,56.53
267.95,190212.2,1575.39,56.51
268.05,193590.1,1574.24,56.49
268.15,201827.0,1573.09,56.47
268.25,202635.6,1571.95,56.45
268.35,209751.3,1570.80,56.43
268.45,210013.6,1569.65,56.41
268.55,210252.1,1568.50,56.39
268.65,199268.0,1567.36,56.37
268.75,204290.1,1566.21,56.34
268.85,199191.1,1565.07,56.32
268.95,187905.8,1563.92,56.30
269.05,179086.0,1562.78,56.28
269.15,185178.8,1561.63,56.26
269.25,174495.1,1560.49,56.24
269.35,159379.1,1559.35,56.22
269.45,162220.9,1558.21,56.20
269.55,167849.3,1557.07,56.18
269.65,158610.4,1555.93,56.16
269.75,163162.1,1554.79,56.14
269.85,162204.8,1553.65,56.12
269.95,176324.3,1552.51,56.10
270.05,171760.5,1551.37,56.08
270.15,174583.4,1550.23,56.06
270.25,192683.3,1549.10,56.04
270.35,206773.1,1547.96,56.02
270.45,206058.4,1546.82,56.00
270.55,219265.1,1545.69,55.97
270.65,222273.7,1544.55,55.95
270.75,215962.2,1543.42,55.93
270.85,221065.3,1542.29,55.91
270.95,229461.0,1541.15,55.89
271.05,231151.1,1540.02,55.87
271.15,237455.1,1538.89,55.85
271.25,233229.1,1537.76,55.83
271.35,225062.3,1536.63,55.81
271.45,216309.6,1535.50,55.79
271.55,217797.0,1534.37,55.77
271.65,217477.1,1533.24,55.75
271.75,219174.0,1532.11,55.73
271.85,206214.3,1530.98,55.71
271.95,209096.0,1529.86,55.69
272.05,220759.7,1528.73,55.67
272.15,211431.9,1527.61,55.65
272.25,210723.8,1526.48,55.63
272.35,202663.1,1525.36,55.61
272.45,211951.5,1524.23,55.58
272.55,223014.3,1523.11,55.56
272.65,212440.1,1521.99,55.54
272.75,227420.2,1520.87,55.52
272.85,234407.7,1519.74,55.50
272.95,248291.7,1518.62,55.48
273.05,254365.1,1517.50,55.46
273.15,266164.7,1516.38,55.44
273.25,269783.9,1515.26,55.42
273.35,262993.9,1514.15,55.40
273.45,246264.6,1513.03,55.38
273.55,254754.8,1511.91,55.36
273.65,241732.8,1510.79,55.34
273.75,215799.5,1509.68,55.32
273.85,194048.0,1508.56,55.30
273.95,233604.2,1507.45,55.28
274.05,243802.7,1506.33,55.26
274.15,259772.5,1505.22,55.24
274.25,223536.4,1504.11,55.22
274.35,230949.8,1502.99,55.20
274.45,234629.9,1501.88,55.18
274.55,249112.7,1500.77,55.16
274.65,245759.4,1499.66,55.13
274.75,237822.7,1498.55,55.11
274.85,232617.5,1497.44,55.09
274.95,233763.7,1496.33,55.07
275.05,230273.9,1495.22,55.05
275.15,226457.5,1494.11,55.03
275.25,266829.0,1493.01,55.01
275.35,257332.5,1491.90,54.99
275.45,272172.4,1490.79,54.97
275.55,292997.8,1489.69,54.95
275.65,271481.5,1488.58,54.93
275.75,258206.1,1487.48,54.91
275.85,269625.0,1486.37,54.89
275.95,244740.8,1485.27,54.87
276.05,242128.0,1484.17,54.85
276.15,220559.5,1483.07,54.83
276.25,205467.7,1481.96,54.81
276.35,211749.7,1480.86,54.79
276.45,224241.4,1479.76,54.77
276.55,201020.6,1478.66,54.75
276.65,188764.3,1477.56,54.73
276.75,192922.7,1476.47,54.71
276.85,228251.8,1475.37,54.69
276.95,251613.5,1474.27,54.67
277.05,218960.0,1473.17,54.65
277.15,192630.8,1472.08,54.63
277.25,187049.1,1470.98,54.61
277.35,185203.9,1469.89,54.58
277.45,214015.2,1468.79,54.56
277.55,218547.4,1467.70,54.54
277.65,194563.4,1466.61,54.52
277.75,202813.7,1465.51,54.50
277.85,214272.5,1464.42,54.48
277.95,197273.2,1463.33,54.46
278.05,192746.0,1462.24,54.44
278.15,198162.3,1461.15,54.42
278.25,203087.4,1460.06,54.40
278.35,215602.3,1458.97,54.38
278.45,211096.3,1457.88,54.36
278.55,203128.6,1456.79,54.34
278.65,211555.9,1455.70,54.32
278.75,220731.1,1454.62,54.30
278.85,206766.8,1453.53,54.28
278.95,202572.1,1452.44,54.26
279.05,212904.5,1451.35,54.24
279.15,223468.2,1450.27,54.22
279.25,210333.5,1449.18,54.20
279.35,178051.4,1448.09,54.18
279.45,178763.9,1447.00,54.16
279.55,195624.4,1445.91,54.14
279.65,203397.6,1444.83,54.12
279.75,200798.9,1443.74,54.10
279.85,195198.1,1442.65,54.08
279.95,189030.6,1441.56,54.06
280.05,170343.3,1440.48,54.04
280.15,169698.5,1439.39,54.02
280.25,167482.6,1438.30,54.00
280.35,185108.1,1437.21,53.97
280.45,228328.6,1436.12,53.95
280.55,252869.4,1435.04,53.93
280.65,283165.6,1433.95,53.91
280.75,275184.5,1432.86,53.89
280.85,277366.1,1431.77,53.87
280.95,283069.9,1430.69,53.85
281.05,270235.1,1429.60,53.83
281.15,251211.0,1428.51,53.81
281.25,252490.9,1427.42,53.79
281.35,244119.0,1426.33,53.77
281.45,235869.6,1425.25,53.75
281.55,236744.3,1424.16,53.73
281.65,244804.9,1423.07,53.71
281.75,223274.6,1421.98,53.69
281.85,224867.3,1420.89,53.67
281.95,202838.3,1419.81,53.65
282.05,199208.0,1418.72,53.63
282.15,213990.5,1417.63,53.61
282.25,221790.6,1416.54,53.59
282.35,238364.9,1415.46,53.56
282.45,252217.8,1414.37,53.54
282.55,283190.1,1413.27,53.52
282.65,263677.3,1412.17,53.50
282.75,253093.6,1411.07,53.48
282.85,243967.0,1409.96,53.46
282.95,232483.5,1408.85,53.44
283.05,228914.3,1407.74,53.42
283.15,209797.2,1406.63,53.40
283.25,223209.2,1405.52,53.38
283.35,202291.1,1404.41,53.36
283.45,190371.5,1403.30,53.33
283.55,191242.1,1402.19,53.31
283.65,221200.6,1401.08,53.29
283.75,234951.6,1399.97,53.27
283.85,256122.2,1398.86,53.25
283.95,249185.8,1397.75,53.23
284.05,233503.0,1396.64,53.21
284.15,227423.9,1395.53,53.19
284.25,224555.3,1394.42,53.17
284.35,236989.5,1393.31,53.14
284.45,204476.4,1392.20,53.12
284.55,192372.9,1391.09,53.10
284.65,203015.2,1389.98,53.08
284.75,193762.0,1388.87,53.06
284.85,185230.4,1387.76,53.04
284.95,196638.0,1386.65,53.02
285.05,174988.6,1385.54,53.00
285.15,167942.0,1384.43,52.97
285.25,163930.7,1383.32,52.95
285.35,164070.9,1382.21,52.93
285.45,292306.4,1381.10,52.91
285.55,283191.1,1379.99,52.89
285.65,273840.5,1378.88,52.87
285.75,266620.4,1377.77,52.85
285.85,250771.6,1376.66,52.83
285.95,246074.1,1375.55,52.80
286.05,240507.6,1374.44,52.78
286.15,222019.9,1373.33,52.76
286.25,218831.9,1372.22,52.74
286.35,218202.3,1371.11,52.72
286.45,241866.0,1370.00,52.70
286.55,242473.8,1368.89,52.68
286.65,253739.0,1367.78,52.65
286.75,261255.6,1366.67,52.63
286.85,253175.6,1365.56,52.61
286.95,260784.5,1364.45,52.59
287.05,267884.9,1363.34,52.57
287.15,280351.3,1362.23,52.55
287.25,284157.0,1361.12,52.53
287.35,265701.2,1360.01,52.51
287.45,264991.2,1358.90,52.48
287.55,245918.5,1357.79,52.46
287.65,207110.3,1356.68,52.44
287.75,219871.5,1355.57,52.42
287.85,214123.6,1354.46,52.40
287.95,228657.8,1353.35,52.38
288.05,235754.9,1352.24,52.35
288.15,259478.0,1351.13,52.33
288.25,265254.2,1350.02,52.31
288.35,263160.3,1348.91,52.29
288.45,262554.0,1347.80,52.27
288.55,259118.4,1346.69,52.25
288.65,250734.9,1345.58,52.23
288.75,238213.0,1344.47,52.20
288.85,243807.6,1343.36,52.18
288.95,237349.3,1342.25,52.16
289.05,244153.4,1341.14,52.14
289.15,257245.1,1340.03,52.12
289.25,261307.5,1338.92,52.10
289.35,256027.2,1337.81,52.07
289.45,258353.9,1336.70,52.05
289.55,253375.7,1335.59,52.03
289.65,244724.1,1334.48,52.01
289.75,239292.6,1333.37,51.99
289.85,245011.9,1332.26,51.97
289.95,254536.2,1331.15,51.94
290.05,257875.6,1330.04,51.92
290.15,253545.2,1328.93,51.90
290.25,222596.4,1327.82,51.88
290.35,212107.4,1326.71,51.86
290.45,198886.5,1325.60,51.84
290.55,193750.9,1324.49,51.81
290.65,202438.1,1323.38,51.79
290.75,217287.8,1322.27,51.77
290.85,208686.8,1321.16,51.75
290.95,251253.3,1320.05,51.73
291.05,280413.5,1318.94,51.71
291.15,281780.9,1317.83,51.68
291.25,279562.0,1316.72,51.66
291.35,272830.3,1315.61,51.64
291.45,290184.9,1314.50,51.62
291.55,279983.7,1313.39,51.60
291.65,279140.2,1312.28,51.58
291.75,279765.5,1311.16,51.55
291.85,285611.8,1310.03,51.53
291.95,271033.6,1308.90,51.51
292.05,280882.9,1307.76,51.49
292.15,263461.2,1306.63,51.46
292.25,271520.5,1305.50,51.44
292.35,270905.2,1304.37,51.42
292.45,287089.6,1303.23,51.40
292.55,272114.3,1302.10,51.38
292.65,289737.9,1300.97,51.35
292.75,302758.2,1299.84,51.33
292.85,309039.6,1298.71,51.31
292.95,317109.9,1297.57,51.29
293.05,311006.6,1296.44,51.26
293.15,295728.7,1295.31,51.24
293.25,282917.7,1294.18,51.22
293.35,271529.4,1293.05,51.20
293.45,264488.9,1291.91,51.17
293.55,262164.1,1290.78,51.15
293.65,258633.3,1289.65,51.13
293.75,272472.5,1288.52,51.11
293.85,268592.9,1287.38,51.08
293.95,266738.7,1286.25,51.06
294.05,260600.3,1285.12,51.04
294.15,259096.3,1283.99,51.02
294.25,275820.4,1282.86,50.99
294.35,267112.3,1281.72,50.97
294.45,270985.2,1280.59,50.95
294.55,259158.8,1279.46,50.93
294.65,259728.1,1278.33,50.90
294.75,263064.4,1277.19,50.88
294.85,261276.1,1276.06,50.86
294.95,251661.1,1274.93,50.84
295.05,262976.6,1273.80,50.81
295.15,257783.8,1272.67,50.79
295.25,251112.8,1271.53,50.77
295.35,244379.1,1270.40,50.75
295.45,248778.3,1269.27,50.72
295.55,254744.9,1268.13,50.70
295.65,244911.3,1267.00,50.68
295.75,255251.8,1265.86,50.65
295.85,257518.5,1264.72,50.63
295.95,264265.4,1263.57,50.61
296.05,271424.8,1262.43,50.59
296.15,246774.8,1261.28,50.56
296.25,239453.8,1260.13,50.54
296.35,247808.7,1258.97,50.52
296.45,250616.3,1257.82,50.49
296.55,265221.1,1256.66,50.47
296.65,266923.1,1255.49,50.45
296.75,263213.8,1254.33,50.42
296.85,261649.5,1253.16,50.40
296.95,264002.8,1252.00,50.38
297.05,268523.3,1250.82,50.35
297.15,254681.2,1249.65,50.33
297.25,259016.6,1248.47,50.31
297.35,250104.3,1247.29,50.28
297.45,242267.8,1246.11,50.26
297.55,258395.9,1244.93,50.23
297.65,243505.7,1243.74,50.21
297.75,249730.3,1242.55,50.19
297.85,238732.5,1241.36,50.16
297.95,255293.1,1240.17,50.14
298.05,248862.6,1238.97,50.11
298.15,246040.0,1237.77,50.09
298.25,255511.1,1236.57,50.07
298.35,248969.5,1235.36,50.04
298.45,247444.3,1234.16,50.02
298.55,246255.5,1232.95,49.99
298.65,231581.5,1231.74,49.97
298.75,224358.4,1230.52,49.94
298.85,213599.4,1229.31,49.92
298.95,211998.8,1228.09,49.89
299.05,196351.7,1226.87,49.87
299.15,206646.0,1225.64,49.84
299.25,206601.8,1224.41,49.82
299.35,212222.4,1223.18,49.79
299.45,206182.1,1221.95,49.77
299.55,188693.3,1220.72,49.74
299.65,213143.9,1219.48,49.72
299.75,225133.0,1218.24,49.69
299.85,242629.8,1217.00,49.67
299.95,244212.6,1215.76,49.64
300.05,253302.4,1214.51,49.62
300.15,221146.3,1213.26,49.59
300.25,250131.9,1212.01,49.57
300.35,242836.2,1210.75,49.54
300.45,242500.9,1209.50,49.51
300.55,227264.7,1208.24,49.49
300.65,213372.7,1206.97,49.46
300.75,220812.6,1205.71,49.44
300.85,232164.8,1204.45,49.41
300.95,227001.4,1203.18,49.38
301.05,244291.8,1201.90,49.36
301.15,273399.0,1200.63,49.33
301.25,255085.4,1199.35,49.31
301.35,261596.7,1198.07,49.28
301.45,262466.3,1196.79,49.25
301.55,261207.0,1195.51,49.23
301.65,267322.1,1194.22,49.20
301.75,277978.8,1192.93,49.17
301.85,278841.1,1191.64,49.15
301.95,277122.8,1190.36,49.12
302.05,285593.0,1189.07,49.09
302.15,286283.6,1187.79,49.07
302.25,271371.7,1186.52,49.04
302.35,285950.6,1185.25,49.02
302.45,270147.8,1183.98,48.99
302.55,264941.3,1182.72,48.96
302.65,235630.7,1181.44,48.94
302.75,241119.8,1180.16,48.91
302.85,233864.5,1178.88,48.88
302.95,244532.8,1177.61,48.86
303.05,233655.2,1176.34,48.83
303.15,222019.7,1175.08,48.80
303.25,207161.0,1173.81,48.78
303.35,212136.9,1172.55,48.75
303.45,210981.1,1171.28,48.73
303.55,230269.0,1170.02,48.70
303.65,254075.0,1168.75,48.67
303.75,265721.2,1167.48,48.65
303.85,269901.4,1166.22,48.62
303.95,280685.9,1164.95,48.59
304.05,270658.5,1163.69,48.57
304.15,288008.7,1162.42,48.54
304.25,275974.4,1161.15,48.51
304.35,258303.6,1159.88,48.49
304.45,267644.1,1158.59,48.46
304.55,272039.5,1157.31,48.43
304.65,268948.9,1156.02,48.41
304.75,267732.2,1154.73,48.38
304.85,272272.0,1153.44,48.35
304.95,263556.3,1152.16,48.33
305.05,229864.2,1150.87,48.30
305.15,232312.7,1149.58,48.27
305.25,214099.3,1148.29,48.25
305.35,200935.2,1147.00,48.22
305.45,218047.5,1145.72,48.19
305.55,230710.6,1144.43,48.16
305.65,228473.2,1143.14,48.14
305.75,234293.2,1141.85,48.11
305.85,245592.4,1140.57,48.08
305.95,238370.3,1139.28,48.06
306.05,243110.1,1137.99,48.03
306.15,217891.0,1136.70,48.00
306.25,225836.9,1135.42,47.97
306.35,207040.3,1134.13,47.95
306.45,242600.2,1132.84,47.92
306.55,234042.1,1131.56,47.89
306.65,231771.7,1130.28,47.87
306.75,228164.3,1129.01,47.84
306.85,223048.7,1127.74,47.81
306.95,227887.2,1126.48,47.78
307.05,235389.2,1125.21,47.76
307.15,212929.3,1123.94,47.73
307.25,209300.0,1122.68,47.70
307.35,213018.6,1121.43,47.68
307.45,185699.6,1120.18,47.65
307.55,187819.6,1118.94,47.62
307.65,174154.7,1117.70,47.60
307.75,179289.5,1116.45,47.57
307.85,170330.6,1115.21,47.55
307.95,181403.3,1113.98,47.52
308.05,193232.8,1112.76,47.49
308.15,211266.7,1111.53,47.47
308.25,219245.5,1110.31,47.44
308.35,223312.5,1109.09,47.41
308.45,229645.3,1107.87,47.39
308.55,242012.1,1106.65,47.36
308.65,237593.9,1105.43,47.34
308.75,231871.1,1104.21,47.31
308.85,239624.9,1102.99,47.28
308.95,231246.3,1101.77,47.26
309.05,218508.2,1100.55,47.23
309.15,228971.6,1099.32,47.21
309.25,243331.0,1098.10,47.18
309.35,222035.1,1096.88,47.15
309.45,235870.1,1095.66,47.13
309.55,226129.6,1094.44,47.10
309.65,222939.8,1093.22,47.07
309.75,217380.6,1092.00,47.05
309.85,210332.4,1090.78,47.02
309.95,205672.6,1089.56,47.00
310.05,205286.7,1088.33,46.97
310.15,203579.4,1087.10,46.94
310.25,194584.0,1085.86,46.92
310.35,195277.9,1084.62,46.89
310.45,202954.4,1083.37,46.86
310.55,212911.1,1082.13,46.83
310.65,217942.0,1080.89,46.81
310.75,230773.1,1079.64,46.78
310.85,217599.1,1078.40,46.75
310.95,208817.8,1077.16,46.73
311.05,213668.9,1075.91,46.70
311.15,232602.7,1074.67,46.67
311.25,233900.9,1073.43,46.65
311.35,228655.6,1072.19,46.62
311.45,229049.7,1070.94,46.59
311.55,227453.1,1069.70,46.57
311.65,249366.2,1068.46,46.54
311.75,241044.6,1067.21,46.51
311.85,227102.5,1065.97,46.48
311.95,216196.4,1064.73,46.46
312.05,202623.0,1063.48,46.43
312.15,203958.8,1062.24,46.40
312.25,200353.8,1061.00,46.38
312.35,196535.3,1059.75,46.35
312.45,198270.4,1058.51,46.32
312.55,197078.6,1057.27,46.29
312.65,212394.0,1056.02,46.27
312.75,227942.8,1054.78,46.24
312.85,235590.8,1053.54,46.21
312.95,238240.2,1052.29,46.18
313.05,242388.5,1051.05,46.16
313.15,249314.0,1049.81,46.13
313.25,245553.8,1048.56,46.10
313.35,223321.6,1047.32,46.08
313.45,194733.6,1046.08,46.05
313.55,183782.0,1044.83,46.02
313.65,172510.2,1043.59,45.99
313.75,176071.6,1042.35,45.97
313.85,182988.6,1041.11,45.94
313.95,196669.2,1039.86,45.91
314.05,185879.0,1038.62,45.88
314.15,199005.7,1037.38,45.86
314.25,198501.4,1036.13,45.83
314.35,219398.7,1034.88,45.80
314.45,219497.7,1033.63,45.77
314.55,215547.1,1032.37,45.75
314.65,234177.8,1031.11,45.72
314.75,230901.1,1029.85,45.69
314.85,249372.8,1028.59,45.66
314.95,225278.0,1027.32,45.63
315.05,202149.4,1026.05,45.61
315.15,176490.3,1024.77,45.58
315.25,193118.0,1023.50,45.55
315.35,206989.1,1022.22,45.52
315.45,208124.9,1020.93,45.49
315.55,205314.7,1019.65,45.46
315.65,198380.1,1018.36,45.43
315.75,206120.0,1017.07,45.41
315.85,199712.5,1015.77,45.38
315.95,193035.1,1014.47,45.35
316.05,198270.0,1013.17,45.32
316.15,197614.3,1011.86,45.29
316.25,201752.7,1010.56,45.26
316.35,204360.1,1009.24,45.23
316.45,217487.2,1007.93,45.20
316.55,221708.2,1006.61,45.17
316.65,231407.9,1005.29,45.14
316.75,228366.8,1003.97,45.11
316.85,231903.8,1002.64,45.08
316.95,228560.3,1001.31,45.05
317.05,221288.5,999.98,45.02
317.15,220016.8,998.64,44.99
317.25,219369.3,997.30,44.96
317.35,224481.8,995.96,44.93
317.45,222398.7,994.62,44.90
317.55,219574.1,993.27,44.87
317.65,199786.9,991.92,44.84
317.75,197298.9,990.56,44.81
317.85,185788.0,989.21,44.78
317.95,189073.4,987.84,44.75
318.05,183657.5,986.48,44.72
318.15,234329.3,985.11,44.69
318.25,263691.8,983.74,44.66
318.35,278009.2,982.37,44.62
318.45,286998.7,980.99,44.59
318.55,290719.8,979.61,44.56
318.65,260702.0,978.23,44.53
318.75,260156.6,976.85,44.50
318.85,243925.4,975.46,44.47
318.95,262641.1,974.07,44.43
319.05,259066.3,972.67,44.40
319.15,275005.2,971.27,44.37
319.25,248120.6,969.87,44.34
319.35,258407.1,968.47,44.31
319.45,253731.1,967.06,44.27
319.55,243118.9,965.65,44.24
319.65,250385.2,964.23,44.21
319.75,221574.2,962.82,44.18
319.85,237422.6,961.40,44.15
319.95,262653.4,959.98,44.11
320.05,271378.3,958.55,44.08
320.15,212406.4,957.12,44.05
320.25,264451.3,955.69,44.01
320.35,267535.8,954.25,43.98
320.45,257684.6,952.81,43.95
320.55,248312.3,951.37,43.91
320.65,254101.1,949.93,43.88
320.75,254571.0,948.48,43.85
320.85,260981.3,947.03,43.81
320.95,255967.3,945.58,43.78
321.05,269815.2,944.12,43.75
321.15,252750.7,942.66,43.71
321.25,256877.1,941.20,43.68
321.35,240147.6,939.73,43.64
321.45,245236.9,938.26,43.61
321.55,246684.2,936.79,43.58
321.65,241172.8,935.31,43.54
321.75,233446.6,933.83,43.51
321.85,227094.6,932.35,43.47
321.95,219271.5,930.87,43.44
322.05,215308.3,929.38,43.40
322.15,227489.8,927.89,43.37
322.25,231805.6,926.39,43.33
322.35,218958.7,924.90,43.30
322.45,220038.7,923.40,43.26
322.55,206197.7,921.89,43.23
322.65,185073.6,920.39,43.19
322.75,193815.9,918.88,43.16
322.85,209337.8,917.36,43.12
322.95,184941.4,915.85,43.09
323.05,160904.8,914.33,43.05
323.15,160452.9,912.81,43.01
323.25,178351.8,911.28,42.98
323.35,183540.2,909.75,42.94
323.45,212547.4,908.22,42.91
323.55,198183.9,906.69,42.87
323.65,192799.7,905.15,42.83
323.75,213483.8,903.61,42.80
323.85,192074.8,902.07,42.76
323.95,216005.1,900.52,42.72
324.05,195488.8,898.97,42.69
324.15,202967.6,897.42,42.65
324.25,214836.8,895.86,42.61
324.35,207837.1,894.30,42.58
324.45,205679.3,892.74,42.54
324.55,208446.6,891.17,42.50
324.65,198957.5,889.60,42.46
324.75,185045.9,888.03,42.43
324.85,177720.1,886.46,42.39
324.95,181522.6,884.88,42.35
325.05,187614.7,883.30,42.31
325.15,190226.1,881.71,42.28
325.25,185286.5,880.13,42.24
325.35,179717.5,878.54,42.20
325.45,182558.9,876.94,42.16
325.55,193315.6,875.35,42.12
325.65,196221.0,873.75,42.08
325.75,198497.9,872.14,42.05
325.85,199706.8,870.54,42.01
325.95,123605.2,868.93,41.97
326.05,173448.3,867.32,41.93
326.15,167976.8,865.70,41.89
326.25,160827.5,864.08,41.85
326.35,157088.5,862.46,41.81
326.45,169695.0,860.84,41.77
326.55,157557.4,859.21,41.73
326.65,155308.7,857.58,41.69
326.75,170138.8,855.95,41.65
326.85,165548.6,854.31,41.61
326.95,171382.5,852.67,41.57
327.05,175329.6,851.03,41.53
327.15,175650.4,849.38,41.49
327.25,172420.7,847.73,41.45
327.35,184974.0,846.08,41.41
327.45,163894.0,844.42,41.37
327.55,163092.1,842.76,41.33
327.65,165359.1,841.10,41.29
327.75,163108.3,839.44,41.25
327.85,177031.8,837.77,41.21
327.95,162795.9,836.11,41.17
328.05,174492.6,834.44,41.13
328.15,170129.3,832.78,41.09
328.25,162983.9,831.11,41.04
328.35,154155.4,829.45,41.00
328.45,148259.4,827.78,40.96
328.55,148938.4,826.12,40.92
328.65,147476.4,824.45,40.88
328.75,152874.3,822.78,40.84
328.85,157134.8,821.11,40.80
328.95,161728.8,819.45,40.76
329.05,153797.4,817.78,40.71
329.15,156287.5,816.11,40.67
329.25,156374.4,814.44,40.63
329.35,147540.2,812.77,40.59
329.45,153482.1,811.10,40.55
329.55,153238.4,809.43,40.51
329.65,155791.0,807.76,40.46
329.75,146596.3,806.09,40.42
329.85,149022.9,804.42,40.38
329.95,152372.5,802.75,40.34
330.05,156994.3,801.08,40.30
330.15,167714.6,799.41,40.25
330.25,167153.0,797.73,40.21
330.35,165857.5,796.06,40.17
330.45,156408.1,794.39,40.13
330.55,166976.1,792.72,40.09
330.65,182202.7,791.04,40.04
330.75,196324.4,789.37,40.00
330.85,198037.6,787.69,39.96
330.95,214906.6,786.02,39.92
331.05,193991.3,784.34,39.87
331.15,204540.7,782.67,39.83
331.25,214050.6,780.99,39.79
331.35,201213.5,779.32,39.75
331.45,207148.0,777.64,39.70
331.55,198599.6,775.96,39.66
331.65,206696.9,774.29,39.62
331.75,205858.4,772.61,39.57
331.85,205810.9,770.93,39.53
331.95,200445.6,769.25,39.49
332.05,195503.3,767.58,39.44
332.15,201470.5,765.90,39.40
332.25,212707.0,764.22,39.36
332.35,212735.8,762.54,39.32
332.45,217714.9,760.86,39.27
332.55,220992.4,759.18,39.23
332.65,231971.9,757.50,39.19
332.75,209153.6,755.82,39.14
332.85,218568.3,754.14,39.10
332.95,206991.3,752.45,39.05
333.05,212341.5,750.77,39.01
333.15,209182.1,749.09,38.97
333.25,207575.2,747.41,38.92
333.35,190981.2,745.73,38.88
333.45,189203.9,744.04,38.84
333.55,178062.6,742.36,38.79
333.65,178911.2,740.67,38.75
333.75,170902.2,738.99,38.70
333.85,165231.5,737.31,38.66
333.95,170383.2,735.62,38.62
334.05,166496.2,733.94,38.57
334.15,179944.8,732.25,38.53
334.25,175776.1,730.56,38.48
334.35,180694.8,728.88,38.44
334.45,174351.5,727.19,38.39
334.55,181343.5,725.50,38.35
334.65,174570.7,723.82,38.30
334.75,180428.9,722.13,38.26
334.85,187294.8,720.44,38.21
334.95,186403.7,718.75,38.17
335.05,184026.1,717.06,38.12
335.15,178470.2,715.37,38.08
335.25,180775.0,713.68,38.03
335.35,179319.2,711.99,37.99
335.45,178713.6,710.30,37.94
335.55,187121.2,708.61,37.90
335.65,221832.8,706.92,37.85
335.75,230397.9,705.23,37.81
335.85,203064.9,703.54,37.76
335.95,205810.0,701.85,37.72
336.05,208494.2,700.16,37.67
336.15,221039.5,698.46,37.63
336.25,216807.5,696.77,37.58
336.35,202349.6,695.08,37.54
336.45,202081.8,693.38,37.49
336.55,188469.3,691.69,37.44
336.65,183512.0,690.00,37.40
336.75,194518.7,688.30,37.35
336.85,205107.5,686.61,37.31
336.95,211982.7,684.91,37.26
337.05,202662.0,683.22,37.21
337.15,205110.0,681.52,37.17
337.25,211931.4,679.82,37.12
337.35,218511.1,678.13,37.08
337.45,208833.6,676.43,37.03
337.55,214405.7,674.73,36.98
337.65,227316.3,673.03,36.94
337.75,223095.8,671.34,36.89
337.85,208600.3,669.64,36.84
337.95,215552.9,667.94,36.80
338.05,202911.3,666.24,36.75
338.15,211913.7,664.54,36.70
338.25,203985.2,662.84,36.66
338.35,199146.8,661.14,36.61
338.45,216819.6,659.44,36.56
338.55,212653.0,657.74,36.51
338.65,207916.6,656.04,36.47
338.75,194041.8,654.34,36.42
338.85,188860.4,652.63,36.37
338.95,203684.6,650.93,36.32
339.05,191101.6,649.23,36.28
339.15,198896.9,647.53,36.23
339.25,199709.9,645.82,36.18
339.35,222965.1,644.12,36.13
339.45,230032.3,642.42,36.09
339.55,223456.1,640.71,36.04
339.65,205411.9,639.01,35.99
339.75,224877.8,637.30,35.94
339.85,223154.1,635.60,35.89
339.95,209662.4,633.89,35.85
340.05,200401.5,632.19,35.80
340.15,204993.1,630.48,35.75
340.25,201502.5,628.77,35.70
340.35,195665.5,627.07,35.65
340.45,196323.6,625.36,35.60
340.55,181009.3,623.65,35.55
340.65,179024.9,621.94,35.51
340.75,174730.6,620.23,35.46
340.85,177357.1,618.53,35.41
340.95,185595.5,616.82,35.36
341.05,193711.9,615.11,35.31
341.15,214429.8,613.40,35.26
341.25,224135.3,611.69,35.21
341.35,209046.5,609.98,35.16
341.45,198730.1,608.27,35.11
341.55,207593.4,606.55,35.06
341.65,200789.9,604.84,35.01
341.75,212376.5,603.13,34.97
341.85,214970.5,601.42,34.92
341.95,195403.9,599.71,34.87
342.05,194678.4,597.99,34.82
342.15,209170.4,596.28,34.77
342.25,197009.4,594.57,34.72
342.35,188585.9,592.85,34.67
342.45,192121.7,591.14,34.62
342.55,188703.3,589.42,34.57
342.65,196494.0,587.71,34.52
342.75,193354.0,585.99,34.46
342.85,196552.5,584.28,34.41
342.95,206953.2,582.56,34.36
343.05,211365.9,580.85,34.31
343.15,229630.8,579.13,34.26
343.25,243327.1,577.41,34.21
343.35,269707.0,575.69,34.16
343.45,262934.7,573.98,34.11
343.55,262420.8,572.26,34.06
343.65,240760.7,570.54,34.01
343.75,225889.9,568.82,33.96
343.85,222765.4,567.10,33.90
343.95,228593.0,565.38,33.85
344.05,240679.6,563.66,33.80
344.15,251312.8,561.94,33.75
344.25,216239.3,560.22,33.70
344.35,217994.4,558.50,33.65
344.45,218939.9,556.78,33.59
344.55,209230.3,555.06,33.54
344.65,201692.3,553.34,33.49
344.75,198153.2,551.62,33.44
344.85,181275.2,549.89,33.39
344.95,178710.4,548.17,33.33
345.05,178559.3,546.45,33.28
345.15,174987.0,544.72,33.23
345.25,173050.7,543.00,33.18
345.35,169473.2,541.27,33.12
345.45,184933.6,539.55,33.07
345.55,208747.4,537.83,33.02
345.65,216680.4,536.10,32.96
345.75,228819.8,534.37,32.91
345.85,250756.0,532.65,32.86
345.95,260776.1,530.92,32.81
346.05,262522.5,529.20,32.75
346.15,254579.6,527.47,32.70
346.25,224677.4,525.74,32.64
346.35,278229.8,524.01,32.59
346.45,298519.8,522.28,32.54
346.55,302582.8,520.56,32.48
346.65,225537.7,518.83,32.43
346.75,176375.2,517.10,32.38
346.85,177543.7,515.37,32.32
346.95,210896.2,513.64,32.27
347.05,216018.5,511.91,32.21
347.15,227229.7,510.18,32.16
347.25,222008.6,508.45,32.10
347.35,221635.8,506.72,32.05
347.45,213694.4,504.99,31.99
347.55,223949.6,503.25,31.94
347.65,236543.3,501.52,31.88
347.75,245933.7,499.79,31.83
347.85,235959.1,498.06,31.77
347.95,228301.6,496.32,31.72
348.05,225338.1,494.59,31.66
348.15,209386.2,492.86,31.61
348.25,196929.5,491.12,31.55
348.35,192176.9,489.39,31.50
348.45,191940.0,487.65,31.44
348.55,186720.6,485.92,31.38
348.65,183596.5,484.18,31.33
348.75,186250.0,482.44,31.27
348.85,181612.9,480.71,31.22
348.95,196157.6,478.97,31.16
349.05,201690.8,477.23,31.10
349.15,205795.1,475.50,31.05
349.25,210867.1,473.76,30.99
349.35,206253.2,472.02,30.93
349.45,218339.3,470.28,30.88
349.55,210192.0,468.54,30.82
349.65,207368.9,466.81,30.76
349.75,213470.2,465.07,30.70
349.85,219394.3,463.33,30.65
349.95,233362.2,461.59,30.59
350.05,224692.9,459.85,30.53
350.15,221811.5,458.10,30.47
350.25,211643.8,456.36,30.41
350.35,219053.9,454.62,30.36
350.45,212428.5,452.88,30.30
350.55,208234.4,451.14,30.24
350.65,210724.8,449.40,30.18
350.75,204653.0,447.65,30.12
350.85,198201.1,445.91,30.06
350.95,187182.0,444.17,30.01
351.05,187855.4,442.42,29.95
351.15,183988.0,440.68,29.89
351.25,180276.2,438.93,29.83
351.35,177167.6,437.19,29.77
351.45,179460.4,435.44,29.71
351.55,188267.9,433.70,29.65
351.65,184921.7,431.95,29.59
351.75,201278.5,430.20,29.53
351.85,193507.8,428.46,29.47
351.95,184912.9,426.71,29.41
352.05,181074.1,424.96,29.35
352.15,177677.7,423.22,29.29
352.25,259598.1,421.47,29.23
352.35,264243.0,419.72,29.17
352.45,232384.1,417.97,29.11
352.55,228247.7,416.22,29.05
352.65,205532.9,414.47,28.99
352.75,201264.6,412.72,28.92
352.85,210949.6,410.97,28.86
352.95,179490.6,409.22,28.80
353.05,181025.1,407.47,28.74
353.15,154463.4,405.72,28.68
353.25,165293.0,403.97,28.62
353.35,167293.3,402.22,28.55
353.45,172180.9,400.46,28.49
353.55,172986.6,398.71,28.43
353.65,176070.0,396.96,28.37
353.75,176432.6,395.21,28.30
353.85,180318.4,393.45,28.24
353.95,180705.3,391.70,28.18
354.05,184107.9,389.94,28.11
354.15,172933.1,388.19,28.05
354.25,172472.7,386.43,27.99
354.35,170939.1,384.68,27.92
354.45,186885.3,382.92,27.86
354.55,197721.0,381.17,27.80
354.65,187331.9,379.41,27.73
354.75,194780.1,377.65,27.67
354.85,208509.1,375.90,27.60
354.95,198820.8,374.14,27.54
355.05,202640.6,372.38,27.47
355.15,213347.3,370.62,27.41
355.25,194855.7,368.87,27.34
355.35,153170.6,367.11,27.28
355.45,163613.8,365.35,27.21
355.55,140339.5,363.59,27.15
355.65,136401.8,361.83,27.08
355.75,141578.6,360.07,27.02
355.85,146949.7,358.31,26.95
355.95,148923.5,356.55,26.88
356.05,142613.2,354.79,26.82
356.15,151064.2,353.02,26.75
356.25,156845.7,351.26,26.68
356.35,159063.4,349.50,26.62
356.45,143393.1,347.74,26.55
356.55,144268.8,345.98,26.48
356.65,136140.1,344.21,26.41
356.75,142964.4,342.45,26.35
356.85,125941.6,340.68,26.28
356.95,139015.1,338.92,26.21
357.05,127561.2,337.16,26.14
357.15,132001.0,335.39,26.07
357.25,136419.3,333.63,26.01
357.35,132657.7,331.86,25.94
357.45,135114.4,330.09,25.87
357.55,133470.5,328.33,25.80
357.65,154352.8,326.56,25.73
357.75,171081.6,324.79,25.66
357.85,177649.0,323.03,25.59
357.95,182111.1,321.26,25.52
358.05,187266.5,319.49,25.45
358.15,188777.0,317.72,25.38
358.25,185822.1,315.95,25.31
358.35,193621.7,314.19,25.24
358.45,184791.7,312.42,25.16
358.55,171274.0,310.65,25.09
358.65,189713.7,308.88,25.02
358.75,188537.3,307.11,24.95
358.85,182298.1,305.34,24.88
358.95,166587.1,303.56,24.81
359.05,167940.8,301.79,24.73
359.15,164296.5,300.02,24.66
359.25,174727.5,298.25,24.59
359.35,213268.0,296.48,24.51
359.45,189106.0,294.70,24.44
359.55,197512.9,292.93,24.37
359.65,196859.7,291.16,24.29
359.75,211073.4,289.38,24.22
359.85,226693.9,287.61,24.15
359.95,209700.5,285.83,24.07
360.05,208244.4,284.06,24.00
360.15,215643.9,282.28,23.92
360.25,223123.6,280.51,23.85
360.35,231554.0,278.73,23.77
360.45,247794.8,276.96,23.69
360.55,238623.9,275.18,23.62
360.65,223282.4,273.41,23.54
360.75,222594.9,271.63,23.46
360.85,240957.5,269.86,23.39
360.95,243636.7,268.09,23.31
361.05,245771.7,266.33,23.24
361.15,221398.1,264.58,23.16
361.25,221804.0,262.83,23.08
361.35,197075.1,261.07,23.00
361.45,212848.2,259.32,22.93
361.55,217170.3,257.57,22.85
361.65,234582.0,255.81,22.77
361.75,245065.3,254.06,22.69
361.85,241348.4,252.30,22.61
361.95,241967.1,250.55,22.54
362.05,241409.1,248.80,22.46
362.15,222574.2,247.06,22.38
362.25,201211.8,245.32,22.30
362.35,192346.4,243.59,22.22
362.45,173434.3,241.86,22.14
362.55,169953.9,240.13,22.06
362.65,163973.1,238.40,21.98
362.75,155107.5,236.66,21.90
362.85,164464.5,234.93,21.82
362.95,202404.9,233.20,21.74
363.05,221269.6,231.47,21.66
363.15,184506.5,229.74,21.58
363.25,170892.7,228.01,21.50
363.35,181533.6,226.27,21.42
363.45,187930.7,224.54,21.33
363.55,192253.9,222.81,21.25
363.65,194012.1,221.08,21.17
363.75,281719.8,219.35,21.09
363.85,183974.0,217.62,21.00
363.95,233669.2,215.88,20.92
364.05,208861.6,214.15,20.83
364.15,243772.4,212.42,20.75
364.25,203561.6,210.69,20.67
364.35,201071.8,208.96,20.58
364.45,243994.1,207.22,20.50
364.55,192143.7,205.48,20.41
364.65,225023.4,203.73,20.32
364.75,222539.4,201.98,20.23
364.85,216464.7,200.22,20.15
364.95,268810.8,198.47,20.06
365.05,214084.7,196.72,19.97
365.15,212511.1,194.96,19.88
365.25,224696.0,193.21,19.79
365.35,214215.8,191.45,19.70
365.45,225732.3,189.70,19.61
365.55,202841.1,187.95,19.52
365.65,186040.0,186.19,19.43
365.75,169286.7,184.44,19.34
365.85,165887.9,182.68,19.24
365.95,161175.3,180.93,19.15
366.05,160867.4,179.18,19.06
366.15,165413.5,177.42,18.96
366.25,152914.5,175.67,18.87
366.35,156021.3,173.92,18.78
366.45,138149.0,172.16,18.68
366.55,147489.6,170.41,18.59
366.65,159949.2,168.65,18.49
366.75,154703.7,166.90,18.39
366.85,208584.3,165.15,18.30
366.95,162953.1,163.39,18.20
367.05,157478.3,161.64,18.10
367.15,168923.5,159.89,18.00
367.25,176349.8,158.13,17.90
367.35,162023.8,156.38,17.80
367.45,192786.3,154.62,17.70
367.55,194910.0,152.87,17.60
367.65,197426.0,151.12,17.50
367.75,178331.1,149.36,17.40
367.85,192445.3,147.61,17.30
367.95,190248.6,145.85,17.19
368.05,205499.0,144.10,17.09
368.15,203433.5,142.35,16.99
368.25,243583.9,140.59,16.88
368.35,189144.0,138.84,16.78
368.45,192679.2,137.09,16.67
368.55,188154.4,135.33,16.56
368.65,182259.3,133.58,16.45
368.75,178469.1,131.82,16.35
368.85,171001.1,130.07,16.24
368.95,179817.9,128.32,16.13
369.05,166693.9,126.56,16.02
369.15,182730.8,124.81,15.91
369.25,173500.0,123.06,15.79
369.35,169895.3,121.30,15.68
369.45,175617.4,119.55,15.57
369.55,172989.4,117.79,15.45
369.65,175715.8,116.04,15.34
369.75,194867.0,114.29,15.22
369.85,198144.3,112.53,15.10
369.95,179832.8,110.78,14.99
370.05,218765.6,109.03,14.87
370.15,223346.4,107.27,14.75
370.25,259963.4,105.52,14.62
370.35,214552.3,103.76,14.50
370.45,216178.8,102.01,14.38
370.55,186881.2,100.26,14.26
370.65,224595.6,98.50,14.13
370.75,201634.1,96.75,14.00
370.85,218600.0,94.99,13.88
370.95,219190.8,93.24,13.75
371.05,195992.0,91.48,13.62
371.15,223841.4,89.72,13.49
371.25,219749.2,87.95,13.35
371.35,201678.5,86.17,13.22
371.45,198561.6,84.40,13.08
371.55,199184.7,82.63,12.94
371.65,201435.4,80.86,12.80
371.75,218433.3,79.09,12.66
371.85,194666.2,77.32,12.52
371.95,189880.8,75.56,12.38
372.05,278588.4,73.79,12.23
372.15,182111.2,72.03,12.08
372.25,188322.0,70.27,11.93
372.35,207196.0,68.51,11.78
372.45,206712.8,66.75,11.63
372.55,176376.3,64.99,11.48
372.65,177324.9,63.23,11.32
372.75,178224.9,61.48,11.16
372.85,168444.7,59.72,11.00
372.95,186108.4,57.97,10.84
373.05,171892.0,56.22,10.67
373.15,175254.8,54.46,10.51
373.25,177082.0,52.71,10.34
373.35,177903.4,50.96,10.16
373.45,175277.3,49.22,9.99
373.55,183432.6,47.49,9.81
373.65,166051.3,45.75,9.63
373.75,157800.0,44.02,9.45
373.85,166630.6,42.29,9.26
373.95,168393.4,40.56,9.07
374.05,173185.9,38.83,8.87
374.15,165573.2,37.10,8.67
374.25,153903.6,35.36,8.47
374.35,144917.8,33.63,8.26
374.45,156342.1,31.90,8.04
374.55,163019.4,30.17,7.82
374.65,197208.4,28.44,7.59
374.75,166875.8,26.71,7.36
374.85,157521.8,24.97,7.12
374.95,154344.3,23.24,6.86
375.05,163218.5,21.51,6.60
375.15,162534.6,19.79,6.33
375.25,163262.2,18.08,6.05
375.35,137601.9,16.37,5.76
375.45,148350.2,14.66,5.45
375.55,155020.5,12.95,5.12
375.65,146603.1,11.24,4.77
375.75,151734.2,9.52,4.39
375.85,159045.0,7.79,3.97
375.95,149731.1,6.06,3.50
376.05,154226.7,4.33,2.96
376.15,214862.9,2.60,2.29
376.25,151051.0,0.87,1.32
