depth (m),RAPS (ohm.m),time (kyr),uncertainty (kyr)
230.1,13.3,2051.46,64.49
230.2,13.6,2050.47,64.47
230.3,13.8,2049.47,64.45
230.4,13.9,2048.47,64.44
230.5,13.8,2047.47,64.42
230.6,13.5,2046.47,64.41
230.7,13.1,2045.47,64.39
230.8,12.6,2044.47,64.38
230.9,12.2,2043.47,64.36
231,11.8,2042.47,64.34
231.1,11.7,2041.47,64.33
231.2,11.8,2040.48,64.31
231.3,12.1,2039.48,64.3
231.4,12.4,2038.48,64.28
231.5,12.7,2037.48,64.27
231.6,13,2036.48,64.25
231.7,13.3,2035.48,64.23
231.8,13.5,2034.48,64.22
231.9,13.5,2033.48,64.2
232,13.2,2032.48,64.19
232.1,12.8,2031.48,64.17
232.2,12.3,2030.49,64.15
232.3,11.8,2029.49,64.14
232.4,11.3,2028.49,64.12
232.5,11.1,2027.49,64.11
232.6,11.1,2026.49,64.09
232.7,11.2,2025.49,64.08
232.8,11.5,2024.49,64.06
232.9,11.8,2023.49,64.04
233,12,2022.49,64.03
233.1,12.1,2021.49,64.01
233.2,12.1,2020.5,64
233.3,12.1,2019.5,63.98
233.4,12.1,2018.5,63.97
233.5,12.1,2017.5,63.95
233.6,12.1,2016.5,63.93
233.7,12.1,2015.5,63.92
233.8,12.1,2014.5,63.9
233.9,12.1,2013.5,63.89
234,12.1,2012.5,63.87
234.1,12.1,2011.5,63.85
234.2,12,2010.49,63.84
234.3,11.8,2009.45,63.82
234.4,11.3,2008.42,63.81
234.5,10.9,2007.38,63.79
234.6,10.4,2006.34,63.77
234.7,10.1,2005.31,63.76
234.8,9.8,2004.27,63.74
234.9,9.8,2003.24,63.72
235,9.9,2002.2,63.71
235.1,10.2,2001.16,63.69
235.2,10.5,2000.13,63.67
235.3,10.9,1999.09,63.66
235.4,11.3,1998.06,63.64
235.5,11.7,1997.02,63.62
235.6,11.7,1995.98,63.61
235.7,11.5,1994.95,63.59
235.8,11.1,1993.89,63.57
235.9,10.7,1992.82,63.56
236,10.4,1991.75,63.54
236.1,10.3,1990.67,63.52
236.2,10.5,1989.6,63.51
236.3,10.7,1988.53,63.49
236.4,10.9,1987.45,63.47
236.5,11,1986.38,63.45
236.6,11.1,1985.31,63.44
236.7,11.2,1984.24,63.42
236.8,11.3,1983.16,63.4
236.9,11.5,1982.09,63.39
237,11.5,1981.02,63.37
237.1,11.3,1979.94,63.35
237.2,11.2,1978.87,63.33
237.3,11,1977.8,63.32
237.4,10.8,1976.72,63.3
237.5,10.6,1975.65,63.28
237.6,10.5,1974.56,63.27
237.7,10.5,1973.45,63.25
237.8,10.6,1972.34,63.23
237.9,10.7,1971.23,63.21
238,10.9,1970.12,63.19
238.1,11.1,1969.01,63.18
238.2,11.5,1967.9,63.16
238.3,11.8,1966.79,63.14
238.4,12,1965.68,63.12
238.5,12.1,1964.57,63.1
238.6,12.1,1963.46,63.09
238.7,12.1,1962.35,63.07
238.8,12,1961.24,63.05
238.9,11.9,1960.13,63.03
239,11.9,1959.02,63.02
239.1,12,1957.91,63
239.2,12.3,1956.8,62.98
239.3,12.6,1955.69,62.96
239.4,13,1954.58,62.94
239.5,13.2,1953.47,62.93
239.6,13.4,1952.36,62.91
239.7,13.7,1951.25,62.89
239.8,14.1,1950.14,62.87
239.9,14.5,1949.03,62.85
240,15.1,1947.92,62.84
240.1,15.8,1946.81,62.82
240.2,16.6,1945.7,62.8
240.3,17.2,1944.59,62.78
240.4,17.6,1943.48,62.77
240.5,17.8,1942.37,62.75
240.6,17.8,1941.26,62.73
240.7,17.6,1940.15,62.71
240.8,17.2,1939.04,62.69
240.9,16.7,1937.93,62.68
241,16.2,1936.82,62.66
241.1,15.8,1935.71,62.64
241.2,15.5,1934.6,62.62
241.3,15.3,1933.49,62.6
241.4,15.2,1932.38,62.59
241.5,15.2,1931.27,62.57
241.6,15.2,1930.16,62.55
241.7,15.2,1929.05,62.53
241.8,15.2,1927.94,62.51
241.9,15.1,1926.83,62.5
242,14.8,1925.72,62.48
242.1,14.3,1924.61,62.46
242.2,13.8,1923.5,62.44
242.3,13.4,1922.39,62.42
242.4,13,1921.28,62.41
242.5,12.7,1920.17,62.39
242.6,12.5,1919.06,62.37
242.7,12.4,1917.95,62.35
242.8,12.4,1916.84,62.33
242.9,12.5,1915.73,62.32
243,12.7,1914.62,62.3
243.1,13.1,1913.51,62.28
243.2,13.6,1912.4,62.26
243.3,14.3,1911.29,62.24
243.4,15.1,1910.18,62.23
243.5,15.8,1909.07,62.21
243.6,16.2,1907.96,62.19
243.7,16.2,1906.85,62.17
243.8,15.8,1905.74,62.15
243.9,15.1,1904.63,62.13
244,14.3,1903.52,62.12
244.1,13.6,1902.41,62.1
244.2,13.1,1901.3,62.08
244.3,12.7,1900.19,62.06
244.4,12.4,1899.08,62.04
244.5,12.2,1897.97,62.03
244.6,12,1896.86,62.01
244.7,11.9,1895.75,61.99
244.8,11.7,1894.62,61.97
244.9,11.6,1893.47,61.95
245,11.5,1892.33,61.93
245.1,11.5,1891.18,61.92
245.2,11.5,1890.03,61.9
245.3,11.6,1888.89,61.88
245.4,11.8,1887.74,61.86
245.5,12.1,1886.59,61.84
245.6,12.4,1885.45,61.82
245.7,12.6,1884.3,61.8
245.8,12.8,1883.15,61.78
245.9,12.9,1882,61.76
246,13,1880.86,61.75
246.1,13,1879.71,61.73
246.2,13,1878.56,61.71
246.3,13,1877.42,61.69
246.4,13.1,1876.27,61.67
246.5,13.2,1875.12,61.65
246.6,13.3,1873.98,61.63
246.7,13.3,1872.83,61.61
246.8,13.3,1871.68,61.6
246.9,13.3,1870.53,61.58
247,13.2,1869.39,61.56
247.1,13,1868.24,61.54
247.2,12.7,1867.09,61.52
247.3,12.5,1865.95,61.5
247.4,12.3,1864.8,61.48
247.5,12.1,1863.65,61.46
247.6,11.9,1862.51,61.44
247.7,11.7,1861.36,61.42
247.8,11.7,1860.21,61.41
247.9,11.7,1859.06,61.39
248,11.8,1857.92,61.37
248.1,11.9,1856.77,61.35
248.2,12,1855.62,61.33
248.3,12.2,1854.48,61.31
248.4,12.3,1853.33,61.29
248.5,12.4,1852.18,61.27
248.6,12.5,1851.04,61.25
248.7,12.7,1849.89,61.24
248.8,12.9,1848.74,61.22
248.9,13,1847.59,61.2
249,13.1,1846.45,61.18
249.1,13.2,1845.3,61.16
249.2,13.2,1844.15,61.14
249.3,13.1,1843.01,61.12
249.4,13.1,1841.86,61.1
249.5,13.1,1840.71,61.08
249.6,13.1,1839.57,61.06
249.7,13,1838.42,61.05
249.8,13,1837.27,61.03
249.9,13,1836.12,61.01
250,13,1834.98,60.99
250.1,13,1833.83,60.97
250.2,13,1832.68,60.95
250.3,13,1831.54,60.93
250.4,13,1830.39,60.91
250.5,12.9,1829.24,60.89
250.6,12.7,1828.1,60.87
250.7,12.5,1826.95,60.85
250.8,12.3,1825.8,60.84
250.9,12.2,1824.65,60.82
251,12.1,1823.51,60.8
251.1,12.1,1822.36,60.78
251.2,12.2,1821.21,60.76
251.3,12.4,1820.07,60.74
251.4,12.7,1818.92,60.72
251.5,13,1817.77,60.7
251.6,13.4,1816.63,60.68
251.7,13.7,1815.48,60.66
251.8,13.9,1814.33,60.64
251.9,13.8,1813.18,60.62
252,13.5,1812.04,60.61
252.1,13.1,1810.89,60.59
252.2,12.8,1809.74,60.57
252.3,12.7,1808.6,60.55
252.4,12.9,1807.45,60.53
252.5,13.3,1806.3,60.51
252.6,13.8,1805.16,60.49
252.7,14.2,1804.01,60.47
252.8,14.3,1802.86,60.45
252.9,14.1,1801.71,60.43
253,13.5,1800.57,60.41
253.1,12.8,1799.42,60.39
253.2,12.1,1798.27,60.38
253.3,11.6,1797.13,60.36
253.4,11.3,1795.98,60.34
253.5,11.6,1794.83,60.32
253.6,12.1,1793.69,60.3
253.7,12.6,1792.54,60.28
253.8,13,1791.41,60.26
253.9,13.3,1790.3,60.24
254,13.4,1789.19,60.22
254.1,13.3,1788.08,60.2
254.2,13,1786.97,60.19
254.3,12.8,1785.86,60.17
254.4,12.8,1784.75,60.15
254.5,13.1,1783.64,60.13
254.6,13.5,1782.53,60.11
254.7,13.9,1781.42,60.09
254.8,14.2,1780.31,60.07
254.9,14.2,1779.2,60.05
255,13.8,1778.09,60.04
255.1,12.8,1776.98,60.02
255.2,11.7,1775.87,60
255.3,10.7,1774.76,59.98
255.4,10.7,1773.65,59.96
255.5,10.3,1772.54,59.94
255.6,10.4,1771.43,59.92
255.7,10.9,1770.3,59.9
255.8,12,1769.15,59.88
255.9,13,1768.01,59.86
256,13.7,1766.86,59.85
256.1,13.6,1765.71,59.83
256.2,12.8,1764.57,59.81
256.3,11.6,1763.42,59.79
256.4,10.4,1762.27,59.77
256.5,9.8,1761.13,59.75
256.6,9.7,1759.98,59.73
256.7,10.1,1758.83,59.71
256.8,10.9,1757.68,59.69
256.9,12,1756.54,59.67
257,13,1755.39,59.65
257.1,13.7,1754.24,59.63
257.2,14.2,1753.1,59.61
257.3,14.4,1751.95,59.59
257.4,14.4,1750.8,59.57
257.5,14.2,1749.66,59.55
257.6,13.9,1748.51,59.53
257.7,13.6,1747.36,59.51
257.8,13.3,1746.21,59.49
257.9,13,1745.07,59.48
258,12.7,1743.92,59.46
258.1,12.5,1742.77,59.44
258.2,12.3,1741.63,59.42
258.3,12.1,1740.48,59.4
258.4,11.9,1739.33,59.38
258.5,11.7,1738.19,59.36
258.6,11.6,1737.04,59.34
258.7,11.5,1735.89,59.32
258.8,11.6,1734.74,59.3
258.9,11.9,1733.6,59.28
259,12.4,1732.45,59.26
259.1,13.2,1731.3,59.24
259.2,14.2,1730.16,59.22
259.3,15.5,1729.01,59.2
259.4,16.5,1727.86,59.18
259.5,17.1,1726.72,59.16
259.6,17,1725.57,59.14
259.7,16.2,1724.42,59.12
259.8,15,1723.27,59.1
259.9,13.6,1722.13,59.08
260,12.5,1720.98,59.06
260.1,11.7,1719.83,59.04
260.2,11.2,1718.69,59.02
260.3,11.2,1717.54,59
260.4,11.6,1716.39,58.98
260.5,12,1715.25,58.96
260.6,12.5,1714.1,58.95
260.7,12.9,1712.95,58.93
260.8,13.3,1711.81,58.91
260.9,13.5,1710.66,58.89
261,13.5,1709.51,58.87
261.1,13.2,1708.36,58.85
261.2,12.6,1707.22,58.83
261.3,11.8,1706.07,58.81
261.4,11,1704.92,58.79
261.5,10.6,1703.78,58.77
261.6,10.6,1702.63,58.75
261.7,10.8,1701.48,58.73
261.8,11.1,1700.34,58.71
261.9,11.5,1699.19,58.69
262,11.7,1698.04,58.67
262.1,11.7,1696.89,58.65
262.2,11.6,1695.75,58.63
262.3,11.5,1694.6,58.61
262.4,11.6,1693.45,58.59
262.5,11.8,1692.31,58.57
262.6,12.1,1691.16,58.55
262.7,12.3,1690.01,58.53
262.8,12.2,1688.88,58.51
262.9,11.8,1687.77,58.49
263,11.1,1686.66,58.47
263.1,10.5,1685.55,58.45
263.2,10,1684.44,58.43
263.3,9.7,1683.33,58.41
263.4,9.6,1682.22,58.39
263.5,9.7,1681.11,58.38
263.6,9.9,1680,58.36
263.7,10.2,1678.89,58.34
263.8,10.4,1677.78,58.32
263.9,10.5,1676.67,58.3
264,10.4,1675.56,58.28
264.1,10.2,1674.45,58.26
264.2,9.9,1673.34,58.24
264.3,9.6,1672.23,58.22
264.4,9.3,1671.12,58.2
264.5,9.1,1670.01,58.18
264.6,9,1668.9,58.16
264.7,9.1,1667.79,58.14
264.8,9.3,1666.68,58.12
264.9,9.7,1665.57,58.1
265,10.2,1664.46,58.09
265.1,10.9,1663.35,58.07
265.2,11.7,1662.24,58.05
265.3,12.3,1661.13,58.03
265.4,12.6,1660.02,58.01
265.5,12.5,1658.91,57.99
265.6,12.2,1657.8,57.97
265.7,11.7,1656.69,57.95
265.8,11.2,1655.58,57.93
265.9,10.8,1654.47,57.91
266,10.6,1653.36,57.89
266.1,10.6,1652.25,57.87
266.2,10.8,1651.14,57.85
266.3,11.1,1650.03,57.83
266.4,11.3,1648.92,57.81
266.5,11.6,1647.81,57.79
266.6,11.7,1646.7,57.77
266.7,11.9,1645.59,57.76
266.8,12,1644.48,57.74
266.9,12,1643.37,57.72
267,11.9,1642.26,57.7
267.1,11.7,1641.15,57.68
267.2,11.5,1640.04,57.66
267.3,11.1,1638.93,57.64
267.4,10.8,1637.82,57.62
267.5,10.6,1636.71,57.6
267.6,10.4,1635.6,57.58
267.7,10.3,1634.49,57.56
267.8,10.2,1633.38,57.54
267.9,10.2,1632.27,57.52
268,10.2,1631.16,57.5
268.1,10.2,1630.05,57.48
268.2,10.3,1628.94,57.46
268.3,10.4,1627.83,57.44
268.4,10.6,1626.72,57.42
268.5,10.8,1625.61,57.4
268.6,11.1,1624.5,57.38
268.7,11.5,1623.39,57.36
268.8,11.8,1622.28,57.34
268.9,12.1,1621.17,57.33
269,12.4,1620.06,57.31
269.1,12.7,1618.95,57.29
269.2,12.9,1617.84,57.27
269.3,13,1616.73,57.25
269.4,13,1615.62,57.23
269.5,13,1614.51,57.21
269.6,12.9,1613.4,57.19
269.7,12.7,1612.29,57.17
269.8,12.5,1611.18,57.15
269.9,12.3,1610.07,57.13
270,12.1,1608.96,57.11
270.1,11.9,1607.85,57.09
270.2,11.8,1606.74,57.07
270.3,11.7,1605.63,57.05
270.4,11.6,1604.52,57.03
270.5,11.5,1603.41,57.01
270.6,11.5,1602.3,56.99
270.7,11.6,1601.19,56.97
270.8,11.7,1600.08,56.95
270.9,11.8,1598.97,56.93
271,11.9,1597.86,56.91
271.1,12.2,1596.75,56.89
271.2,12.6,1595.64,56.87
271.3,13.1,1594.53,56.85
271.4,13.5,1593.42,56.83
271.5,13.8,1592.31,56.81
271.6,13.9,1591.2,56.79
271.7,13.8,1590.09,56.77
271.8,13.5,1588.98,56.75
271.9,13.1,1587.87,56.73
272,12.7,1586.76,56.71
272.1,12.6,1585.65,56.69
272.2,12.6,1584.54,56.67
272.3,12.8,1583.43,56.65
272.4,12.9,1582.32,56.63
272.5,13,1581.21,56.61
272.6,13,1580.1,56.59
272.7,12.9,1578.99,56.57
272.8,12.7,1577.88,56.55
272.9,12.5,1576.77,56.53
273,12.4,1575.66,56.51
273.1,12.5,1574.55,56.49
273.2,12.8,1573.44,56.47
273.3,13.3,1572.33,56.45
273.4,13.9,1571.22,56.44
273.5,14.4,1570.13,56.42
273.6,14.7,1569.06,56.4
273.7,14.4,1567.99,56.38
273.8,13.8,1566.91,56.36
273.9,13,1565.84,56.34
274,12.2,1564.77,56.32
274.1,11.6,1563.69,56.3
274.2,11.2,1562.62,56.28
274.3,11.1,1561.55,56.26
274.4,11.1,1560.48,56.24
274.5,11.2,1559.4,56.22
274.6,11.3,1558.33,56.2
274.7,11.6,1557.26,56.18
274.8,11.7,1556.18,56.16
274.9,11.8,1555.11,56.14
275,11.7,1554.04,56.13
275.1,11.6,1552.96,56.11
275.2,11.5,1551.89,56.09
275.3,11.5,1550.82,56.07
275.4,11.5,1549.75,56.05
275.5,11.3,1548.67,56.03
275.6,11.2,1547.6,56.01
275.7,11.1,1546.53,55.99
275.8,11.1,1545.45,55.97
275.9,11.1,1544.38,55.95
276,11.2,1543.31,55.93
276.1,11.3,1542.23,55.91
276.2,11.6,1541.16,55.89
276.3,11.7,1540.09,55.87
276.4,11.8,1539.01,55.85
276.5,11.8,1537.94,55.83
276.6,11.8,1536.87,55.81
276.7,11.8,1535.8,55.8
276.8,11.7,1534.72,55.78
276.9,11.5,1533.65,55.76
277,11.1,1532.58,55.74
277.1,10.8,1531.5,55.72
277.2,10.6,1530.43,55.7
277.3,10.5,1529.36,55.68
277.4,10.5,1528.28,55.66
277.5,10.6,1527.21,55.64
277.6,10.7,1526.14,55.62
277.7,10.8,1525.07,55.6
277.8,10.7,1523.99,55.58
277.9,10.6,1522.92,55.56
278,10.5,1521.85,55.54
278.1,10.6,1520.77,55.52
278.2,10.9,1519.7,55.5
278.3,11.6,1518.63,55.48
278.4,12.4,1517.55,55.46
278.5,13.4,1516.48,55.44
278.6,14.4,1515.41,55.42
278.7,15.4,1514.34,55.4
278.8,15.9,1513.26,55.38
278.9,16,1512.19,55.36
279,15.7,1511.12,55.35
279.1,15.1,1510.04,55.33
279.2,14.3,1508.97,55.31
279.3,13.7,1507.9,55.29
279.4,13.2,1506.82,55.27
279.5,12.8,1505.75,55.25
279.6,12.4,1504.68,55.23
279.7,12.2,1503.61,55.21
279.8,12,1502.53,55.19
279.9,11.9,1501.46,55.17
280,11.9,1500.39,55.15
280.1,12.1,1499.31,55.13
280.2,12.5,1498.24,55.11
280.3,13.1,1497.17,55.09
280.4,13.8,1496.09,55.07
280.5,14.5,1495.02,55.05
280.6,15,1493.95,55.03
280.7,15.1,1492.88,55.01
280.8,14.8,1491.8,54.99
280.9,14.1,1490.73,54.97
281,13.4,1489.66,54.95
281.1,12.7,1488.58,54.93
281.2,12.2,1487.51,54.91
281.3,11.8,1486.44,54.89
281.4,11.7,1485.36,54.87
281.5,11.7,1484.29,54.85
281.6,11.9,1483.22,54.83
281.7,12.2,1482.15,54.81
281.8,12.6,1481.07,54.79
281.9,13,1480,54.77
282,13.3,1478.93,54.75
282.1,13.5,1477.85,54.73
282.2,13.5,1476.78,54.71
282.3,13.4,1475.71,54.69
282.4,13.1,1474.63,54.67
282.5,12.8,1473.56,54.65
282.6,12.5,1472.49,54.63
282.7,12.3,1471.42,54.61
282.8,12.1,1470.34,54.59
282.9,11.8,1469.27,54.57
283,11.6,1468.2,54.55
283.1,11.3,1467.12,54.53
283.2,11.1,1466.05,54.51
283.3,10.9,1464.98,54.49
283.4,10.9,1463.9,54.47
283.5,11.2,1462.83,54.45
283.6,11.9,1461.76,54.43
283.7,12.8,1460.69,54.41
283.8,13.9,1459.61,54.39
283.9,15.1,1458.54,54.37
284,15.9,1457.47,54.35
284.1,16.2,1456.39,54.33
284.2,15.9,1455.32,54.31
284.3,15.2,1454.25,54.29
284.4,14.2,1453.17,54.27
284.5,13.5,1452.1,54.25
284.6,13,1451.03,54.23
284.7,12.9,1449.96,54.21
284.8,13,1448.88,54.19
284.9,13.4,1447.81,54.17
285,13.9,1446.74,54.15
285.1,14.5,1445.66,54.13
285.2,15.2,1444.59,54.11
285.3,15.7,1443.52,54.09
285.4,16.1,1442.44,54.07
285.5,16.2,1441.37,54.05
285.6,16.1,1440.3,54.03
285.7,15.7,1439.23,54.01
285.8,15.2,1438.15,53.99
285.9,14.7,1437.08,53.97
286,14.3,1436.01,53.95
286.1,14.3,1434.93,53.93
286.2,14.5,1433.84,53.91
286.3,14.9,1432.73,53.89
286.4,15.2,1431.62,53.87
286.5,15.3,1430.51,53.85
286.6,15.2,1429.4,53.83
286.7,14.9,1428.29,53.81
286.8,14.5,1427.18,53.79
286.9,14.3,1426.07,53.77
287,14.3,1424.96,53.74
287.1,14.5,1423.85,53.72
287.2,15,1422.74,53.7
287.3,15.4,1421.63,53.68
287.4,15.8,1420.52,53.66
287.5,16,1419.41,53.64
287.6,16,1418.3,53.62
287.7,15.8,1417.19,53.6
287.8,15.5,1416.08,53.58
287.9,15,1414.97,53.56
288,14.2,1413.86,53.53
288.1,13.4,1412.75,53.51
288.2,12.7,1411.64,53.49
288.3,12.2,1410.53,53.47
288.4,12,1409.42,53.45
288.5,12.2,1408.31,53.43
288.6,12.8,1407.2,53.41
288.7,13.7,1406.09,53.39
288.8,15,1404.98,53.37
288.9,16.2,1403.87,53.34
289,17.3,1402.76,53.32
289.1,18.1,1401.65,53.3
289.2,18.4,1400.54,53.28
289.3,18.3,1399.43,53.26
289.4,17.8,1398.32,53.24
289.5,17.4,1397.21,53.22
289.6,16.9,1396.1,53.2
289.7,16.7,1394.99,53.18
289.8,16.6,1393.88,53.15
289.9,16.9,1392.77,53.13
290,17.3,1391.66,53.11
290.1,18,1390.55,53.09
290.2,18.5,1389.44,53.07
290.3,18.9,1388.33,53.05
290.4,18.9,1387.22,53.03
290.5,18.5,1386.11,53.01
290.6,17.6,1385,52.99
290.7,16.8,1383.89,52.96
290.8,16.1,1382.78,52.94
290.9,15.6,1381.67,52.92
291,15.3,1380.56,52.9
291.1,15.2,1379.45,52.88
291.2,15.3,1378.34,52.86
291.3,15.4,1377.23,52.84
291.4,15.6,1376.12,52.82
291.5,15.7,1375.01,52.79
291.6,15.9,1373.9,52.77
291.7,16,1372.77,52.75
291.8,16,1371.63,52.73
291.9,15.9,1370.48,52.71
292,15.8,1369.33,52.68
292.1,15.7,1368.19,52.66
292.2,15.6,1367.04,52.64
292.3,15.4,1365.89,52.62
292.4,15.3,1364.74,52.6
292.5,15.1,1363.6,52.57
292.6,15,1362.45,52.55
292.7,14.8,1361.3,52.53
292.8,14.7,1360.16,52.51
292.9,14.4,1359.01,52.49
293,14.3,1357.86,52.46
293.1,14.2,1356.72,52.44
293.2,14.2,1355.57,52.42
293.3,14.2,1354.42,52.4
293.4,14.3,1353.27,52.37
293.5,14.4,1352.13,52.35
293.6,14.5,1350.98,52.33
293.7,14.5,1349.83,52.31
293.8,14.4,1348.69,52.29
293.9,14.3,1347.54,52.26
294,14.1,1346.39,52.24
294.1,14,1345.25,52.22
294.2,13.9,1344.08,52.2
294.3,14,1342.9,52.17
294.4,14.2,1341.71,52.15
294.5,14.5,1340.53,52.13
294.6,14.8,1339.34,52.1
294.7,14.9,1338.16,52.08
294.8,14.9,1336.98,52.06
294.9,14.8,1335.79,52.04
295,14.5,1334.61,52.01
295.1,14.3,1333.42,51.99
295.2,14.1,1332.24,51.97
295.3,13.9,1331.06,51.94
295.4,13.7,1329.87,51.92
295.5,13.6,1328.69,51.9
295.6,13.6,1327.5,51.87
295.7,13.7,1326.32,51.85
295.8,13.8,1325.14,51.83
295.9,14,1323.95,51.8
296,14.1,1322.77,51.78
296.1,14.2,1321.58,51.76
296.2,14.1,1320.4,51.73
296.3,13.8,1319.22,51.71
296.4,13.4,1318.03,51.69
296.5,12.9,1316.85,51.67
296.6,12.5,1315.66,51.64
296.7,12.1,1314.48,51.62
296.8,11.8,1313.3,51.6
296.9,11.6,1312.11,51.57
297,11.5,1310.93,51.55
297.1,11.6,1309.74,51.53
297.2,11.7,1308.56,51.5
297.3,11.9,1307.38,51.48
297.4,12.1,1306.19,51.46
297.5,12.5,1305.01,51.43
297.6,12.9,1303.82,51.41
297.7,13.3,1302.64,51.39
297.8,13.6,1301.46,51.36
297.9,13.7,1300.27,51.34
298,13.6,1299.09,51.32
298.1,13.3,1297.92,51.29
298.2,12.9,1296.78,51.27
298.3,12.6,1295.63,51.25
298.4,12.4,1294.48,51.22
298.5,12.4,1293.32,51.2
298.6,12.6,1292.13,51.18
298.7,12.9,1290.95,51.15
298.8,13.4,1289.76,51.13
298.9,13.8,1288.57,51.11
299,14.1,1287.37,51.08
299.1,14.3,1286.18,51.06
299.2,14.4,1284.98,51.04
299.3,14.7,1283.77,51.01
299.4,14.8,1282.57,50.99
299.5,15,1281.36,50.96
299.6,15.2,1280.15,50.94
299.7,15.4,1278.93,50.92
299.8,15.6,1277.72,50.89
299.9,15.7,1276.5,50.87
300,15.7,1275.27,50.84
300.1,15.5,1274.05,50.82
300.2,15.1,1272.82,50.79
300.3,14.7,1271.59,50.77
300.4,14.2,1270.35,50.74
300.5,13.9,1269.11,50.72
300.6,13.5,1267.87,50.7
300.7,13.1,1266.63,50.67
300.8,12.8,1265.38,50.65
300.9,12.7,1264.14,50.62
301,12.8,1262.88,50.6
301.1,13.1,1261.63,50.57
301.2,13.7,1260.37,50.55
301.3,14.5,1259.11,50.52
301.4,15.5,1257.85,50.49
301.5,16.3,1256.58,50.47
301.6,17,1255.31,50.44
301.7,17.3,1254.04,50.42
301.8,17.3,1252.76,50.39
301.9,17,1251.49,50.37
302,16.7,1250.21,50.34
302.1,16.4,1248.92,50.31
302.2,16.1,1247.64,50.29
302.3,15.9,1246.35,50.26
302.4,15.7,1245.05,50.24
302.5,15.4,1243.76,50.21
302.6,15,1242.46,50.18
302.7,14.4,1241.16,50.16
302.8,13.9,1239.85,50.13
302.9,13.4,1238.55,50.11
303,13.1,1237.24,50.08
303.1,13.1,1235.93,50.05
303.2,13.3,1234.61,50.03
303.3,13.7,1233.29,50
303.4,14.2,1231.97,49.97
303.5,14.7,1230.65,49.95
303.6,14.9,1229.32,49.92
303.7,14.9,1227.99,49.89
303.8,14.8,1226.66,49.86
303.9,14.5,1225.32,49.84
304,14.2,1223.98,49.81
304.1,14,1222.64,49.78
304.2,13.9,1221.3,49.76
304.3,13.9,1219.95,49.73
304.4,13.9,1218.6,49.7
304.5,13.9,1217.25,49.67
304.6,13.9,1215.89,49.65
304.7,13.8,1214.53,49.62
304.8,13.7,1213.17,49.59
304.9,13.5,1211.8,49.56
305,13.2,1210.44,49.53
305.1,12.8,1209.07,49.51
305.2,12.3,1207.69,49.48
305.3,11.9,1206.32,49.45
305.4,11.6,1204.94,49.42
305.5,11.3,1203.56,49.39
305.6,11.3,1202.17,49.36
305.7,11.5,1200.78,49.34
305.8,11.9,1199.39,49.31
305.9,12.4,1198,49.28
306,13,1196.6,49.25
306.1,13.6,1195.2,49.22
306.2,14.1,1193.8,49.19
306.3,14.4,1192.4,49.16
306.4,14.7,1190.99,49.13
306.5,14.8,1189.58,49.11
306.6,14.9,1188.16,49.08
306.7,14.9,1186.75,49.05
306.8,14.8,1185.33,49.02
306.9,14.7,1183.9,48.99
307,14.5,1182.48,48.96
307.1,14.4,1181.05,48.93
307.2,14.3,1179.62,48.9
307.3,14.2,1178.18,48.87
307.4,14.1,1176.75,48.84
307.5,14,1175.31,48.81
307.6,13.8,1173.87,48.78
307.7,13.6,1172.42,48.75
307.8,13.4,1170.97,48.72
307.9,13.3,1169.52,48.69
308,13.3,1168.07,48.66
308.1,13.4,1166.61,48.63
308.2,13.6,1165.15,48.6
308.3,13.9,1163.69,48.57
308.4,14.2,1162.22,48.54
308.5,14.4,1160.75,48.51
308.6,14.5,1159.28,48.48
308.7,14.5,1157.8,48.44
308.8,14.5,1156.33,48.41
308.9,14.5,1154.85,48.38
309,14.5,1153.36,48.35
309.1,14.7,1151.88,48.32
309.2,14.8,1150.39,48.29
309.3,15,1148.9,48.26
309.4,15.1,1147.4,48.23
309.5,15.1,1145.9,48.2
309.6,15.1,1144.4,48.16
309.7,14.9,1142.9,48.13
309.8,14.5,1141.39,48.1
309.9,14.1,1139.89,48.07
310,13.7,1138.37,48.04
310.1,13.2,1136.86,48
310.2,12.8,1135.34,47.97
310.3,12.4,1133.82,47.94
310.4,12.2,1132.3,47.91
310.5,12.1,1130.77,47.88
310.6,12.2,1129.24,47.84
310.7,12.4,1127.71,47.81
310.8,12.8,1126.17,47.78
310.9,13.3,1124.63,47.75
311,13.8,1123.09,47.71
311.1,14.2,1121.55,47.68
311.2,14.4,1120,47.65
311.3,14.5,1118.45,47.61
311.4,14.5,1116.9,47.58
311.5,14.4,1115.35,47.55
311.6,14.3,1113.79,47.52
311.7,14.2,1112.24,47.48
311.8,14.2,1110.68,47.45
311.9,14.1,1109.11,47.42
312,13.9,1107.52,47.38
312.1,13.6,1105.93,47.35
312.2,13.4,1104.34,47.31
312.3,13.3,1102.75,47.28
312.4,13.4,1101.16,47.24
312.5,13.6,1099.57,47.21
312.6,14,1097.97,47.18
312.7,14.4,1096.38,47.14
312.8,15,1094.79,47.11
312.9,15.3,1093.2,47.07
313,15.5,1091.61,47.04
313.1,15.3,1090.02,47.01
313.2,14.8,1088.43,46.97
313.3,13.9,1086.84,46.94
313.4,13,1085.25,46.9
313.5,12.2,1083.64,46.87
313.6,11.6,1082.01,46.83
313.7,11.2,1080.38,46.8
313.8,11.2,1078.75,46.76
313.9,11.5,1077.13,46.73
314,11.9,1075.5,46.69
314.1,12.3,1073.87,46.66
314.2,12.8,1072.24,46.62
314.3,13.1,1070.63,46.59
314.4,13.4,1069.04,46.55
314.5,13.4,1067.45,46.52
314.6,13.4,1065.86,46.48
314.7,13.3,1064.27,46.45
314.8,13.3,1062.68,46.41
314.9,13.4,1061.09,46.38
315,13.6,1059.49,46.34
315.1,13.9,1057.9,46.31
315.2,14.3,1056.31,46.27
315.3,14.9,1054.72,46.24
315.4,15.5,1053.13,46.2
315.5,16,1051.54,46.17
315.6,16.3,1049.95,46.13
315.7,16.4,1048.36,46.1
315.8,16.3,1046.77,46.06
315.9,16.1,1045.18,46.03
316,15.7,1043.58,45.99
316.1,15.4,1041.99,45.96
316.2,15.1,1040.4,45.92
316.3,14.9,1038.81,45.89
316.4,14.5,1037.22,45.85
316.5,14.3,1035.63,45.82
316.6,14.3,1034.04,45.78
316.7,14.5,1032.45,45.75
316.8,14.9,1030.86,45.71
316.9,15.2,1029.27,45.68
317,15.5,1027.67,45.64
317.1,15.7,1026.08,45.61
317.2,15.7,1024.49,45.57
317.3,15.5,1022.9,45.54
317.4,15.2,1021.31,45.5
317.5,15,1019.72,45.46
317.6,14.9,1018.13,45.43
317.7,14.9,1016.54,45.39
317.8,15,1014.95,45.36
317.9,15.2,1013.36,45.32
318,15.3,1011.76,45.29
318.1,15.3,1010.17,45.25
318.2,15.1,1008.58,45.22
318.3,14.8,1006.99,45.18
318.4,14.3,1005.4,45.14
318.5,13.8,1003.81,45.11
318.6,13.4,1002.22,45.07
318.7,13,1000.63,45.04
318.8,12.8,999.04,45
318.9,12.7,997.45,44.96
319,12.8,995.85,44.93
319.1,13,994.26,44.89
319.2,13.3,992.67,44.86
319.3,13.6,991.08,44.82
319.4,13.9,989.49,44.79
319.5,14.1,987.9,44.75
319.6,14.2,986.31,44.71
319.7,14.1,984.72,44.68
319.8,13.9,983.13,44.64
319.9,13.6,981.54,44.6
320,13.4,979.94,44.57
320.1,13.3,978.35,44.53
320.2,13.2,976.76,44.5
320.3,13.1,975.17,44.46
320.4,12.9,973.6,44.42
320.5,12.7,972.05,44.39
320.6,12.3,970.49,44.35
320.7,11.9,968.94,44.32
320.8,11.6,967.38,44.28
320.9,11.5,965.83,44.25
321,11.6,964.28,44.21
321.1,11.9,962.72,44.18
321.2,12.4,961.17,44.14
321.3,13,959.61,44.1
321.4,13.6,958.06,44.07
321.5,14.1,956.51,44.03
321.6,14.4,954.95,44
321.7,14.4,953.4,43.96
321.8,14.1,951.84,43.93
321.9,13.6,950.29,43.89
322,13,948.74,43.85
322.1,12.5,947.18,43.82
322.2,12.2,945.63,43.78
322.3,12,944.07,43.75
322.4,11.9,942.5,43.71
322.5,11.8,940.91,43.67
322.6,11.8,939.32,43.64
322.7,11.9,937.73,43.6
322.8,12,936.14,43.56
322.9,12.2,934.55,43.52
323,12.3,932.95,43.49
323.1,12.5,931.36,43.45
323.2,12.7,929.77,43.41
323.3,12.9,928.18,43.38
323.4,13,926.59,43.34
323.5,13,925,43.3
323.6,12.9,923.41,43.26
323.7,12.7,921.82,43.23
323.8,12.4,920.23,43.19
323.9,12.1,918.64,43.15
324,11.9,917.04,43.11
324.1,11.7,915.45,43.08
324.2,11.6,913.86,43.04
324.3,11.5,912.27,43
324.4,11.5,910.68,42.96
324.5,11.5,909.09,42.93
324.6,11.6,907.5,42.89
324.7,11.6,905.89,42.85
324.8,11.6,904.26,42.81
324.9,11.5,902.63,42.77
325,11.6,901.01,42.74
325.1,11.7,899.38,42.7
325.2,11.8,897.75,42.66
325.3,11.8,896.12,42.62
325.4,11.7,894.49,42.58
325.5,11.6,892.87,42.54
325.6,11.3,891.24,42.5
325.7,11.2,889.61,42.46
325.8,11,887.98,42.43
325.9,10.9,886.35,42.39
326,10.8,884.73,42.35
326.1,10.8,883.1,42.31
326.2,10.8,881.47,42.27
326.3,10.8,879.84,42.23
326.4,10.9,878.21,42.19
326.5,11.1,876.59,42.15
326.6,11.3,874.96,42.11
326.7,11.6,873.33,42.07
326.8,11.6,871.7,42.04
326.9,11.6,870.07,42
327,11.3,868.45,41.96
327.1,11.1,866.82,41.92
327.2,10.8,865.19,41.88
327.3,10.6,863.56,41.84
327.4,10.7,861.91,41.8
327.5,11,860.25,41.76
327.6,11.5,858.58,41.72
327.7,11.7,856.92,41.68
327.8,11.8,855.25,41.64
327.9,11.8,853.59,41.6
328,11.7,851.92,41.56
328.1,11.6,850.26,41.52
328.2,11.3,848.59,41.47
328.3,11.2,846.93,41.43
328.4,11.1,845.26,41.39
328.5,11.1,843.6,41.35
328.6,11.1,841.95,41.31
328.7,11.2,840.33,41.27
328.8,11.5,838.7,41.23
328.9,11.8,837.07,41.19
329,12.1,835.44,41.15
329.1,12.4,833.81,41.11
329.2,12.6,832.19,41.07
329.3,12.7,830.56,41.03
329.4,12.7,828.93,40.99
329.5,12.7,827.3,40.95
329.6,12.7,825.67,40.91
329.7,12.7,824.05,40.87
329.8,12.7,822.42,40.83
329.9,12.7,820.79,40.79
330,12.6,819.16,40.75
330.1,12.5,817.53,40.71
330.2,12.4,815.91,40.67
330.3,12.4,814.28,40.63
330.4,12.5,812.65,40.59
330.5,12.6,811.02,40.55
330.6,12.8,809.39,40.51
330.7,13,807.77,40.46
330.8,13.3,806.14,40.42
330.9,13.5,804.51,40.38
331,13.6,802.88,40.34
331.1,13.6,801.25,40.3
331.2,13.5,799.63,40.26
331.3,13.3,798,40.22
331.4,13,796.37,40.18
331.5,12.7,794.72,40.14
331.6,12.5,793.06,40.09
331.7,12.3,791.39,40.05
331.8,12.1,789.73,40.01
331.9,11.9,788.04,39.97
332,11.7,786.34,39.92
332.1,11.5,784.64,39.88
332.2,11.2,782.94,39.84
332.3,11.1,781.24,39.79
332.4,11,779.53,39.75
332.5,10.9,777.83,39.71
332.6,10.9,776.13,39.66
332.7,11,774.43,39.62
332.8,11.1,772.73,39.58
332.9,11.1,771.02,39.53
333,11.1,769.32,39.49
333.1,11.2,767.62,39.45
333.2,11.3,765.92,39.4
333.3,11.6,764.22,39.36
333.4,11.7,762.51,39.31
333.5,11.9,760.81,39.27
333.6,12.1,759.11,39.23
333.7,12.4,757.41,39.18
333.8,12.7,755.71,39.14
333.9,13,754,39.09
334,13.3,752.3,39.05
334.1,13.5,750.6,39.01
334.2,13.7,748.9,38.96
334.3,13.7,747.2,38.92
334.4,13.6,745.49,38.87
334.5,13.3,743.79,38.83
334.6,13,742.09,38.78
334.7,12.8,740.39,38.74
334.8,12.6,738.69,38.7
334.9,12.6,736.98,38.65
335,12.6,735.28,38.61
335.1,12.8,733.58,38.56
335.2,13,731.88,38.52
335.3,13.2,730.18,38.47
335.4,13.3,728.47,38.43
335.5,13.3,726.77,38.38
335.6,13.3,725.07,38.34
335.7,13.3,723.37,38.29
335.8,13.3,721.67,38.25
335.9,13.3,719.96,38.2
336,13.4,718.26,38.16
336.1,13.5,716.56,38.11
336.2,13.6,714.86,38.07
336.3,13.6,713.16,38.02
336.4,13.6,711.45,37.98
336.5,13.5,709.75,37.93
336.6,13.4,708.05,37.88
336.7,13.2,706.35,37.84
336.8,13,704.65,37.79
336.9,12.8,702.94,37.75
337,12.7,701.24,37.7
337.1,12.6,699.54,37.66
337.2,12.5,697.84,37.61
337.3,12.5,696.14,37.56
337.4,12.6,694.43,37.52
337.5,12.7,692.73,37.47
337.6,12.7,691.03,37.43
337.7,12.8,689.33,37.38
337.8,13,687.63,37.33
337.9,13.3,685.92,37.29
338,13.5,684.22,37.24
338.1,13.6,682.52,37.2
338.2,13.6,680.82,37.15
338.3,13.6,679.12,37.1
338.4,13.6,677.41,37.06
338.5,13.6,675.71,37.01
338.6,13.5,674.01,36.96
338.7,13.4,672.31,36.92
338.8,13.3,670.61,36.87
338.9,13.2,668.9,36.82
339,13,667.2,36.78
339.1,12.7,665.5,36.73
339.2,12.5,663.8,36.68
339.3,12.3,662.1,36.63
339.4,12.2,660.39,36.59
339.5,12,658.69,36.54
339.6,11.9,656.99,36.49
339.7,11.7,655.29,36.45
339.8,11.6,653.59,36.4
339.9,11.6,651.88,36.35
340,11.9,650.18,36.3
340.1,12.3,648.48,36.26
340.2,12.7,646.78,36.21
340.3,13.1,645.08,36.16
340.4,13.4,643.37,36.11
340.5,13.6,641.67,36.07
340.6,13.6,639.97,36.02
340.7,13.6,638.27,35.97
340.8,13.5,636.57,35.92
340.9,13.4,634.86,35.87
341,13.3,633.16,35.83
341.1,13.3,631.46,35.78
341.2,13.2,629.76,35.73
341.3,13.1,628.06,35.68
341.4,12.9,626.35,35.63
341.5,12.8,624.65,35.58
341.6,12.7,622.95,35.54
341.7,12.7,621.25,35.49
341.8,12.7,619.55,35.44
341.9,12.7,617.84,35.39
342,12.8,616.14,35.34
342.1,12.9,614.44,35.29
342.2,13.1,612.74,35.24
342.3,13.4,611.04,35.19
342.4,13.9,609.33,35.14
342.5,14.7,607.63,35.1
342.6,15.6,605.93,35.05
342.7,16.5,604.23,35
342.8,17.2,602.53,34.95
342.9,17.4,600.82,34.9
343,17.2,599.12,34.85
343.1,16.7,597.42,34.8
343.2,16.1,595.72,34.75
343.3,15.6,594.02,34.7
343.4,15.2,592.31,34.65
343.5,15,590.61,34.6
343.6,14.8,588.91,34.55
343.7,14.5,587.21,34.5
343.8,14.2,585.51,34.45
343.9,13.9,583.8,34.4
344,13.6,582.1,34.35
344.1,13.2,580.4,34.3
344.2,12.9,578.7,34.25
344.3,12.6,577,34.2
344.4,12.6,575.29,34.15
344.5,12.7,573.59,34.1
344.6,13.1,571.89,34.05
344.7,13.5,570.19,34
344.8,14.1,568.49,33.95
344.9,14.8,566.78,33.9
345,15.4,565.08,33.84
345.1,15.7,563.38,33.79
345.2,15.6,561.68,33.74
345.3,15.3,559.98,33.69
345.4,15,558.27,33.64
345.5,15.1,556.57,33.59
345.6,15.5,554.87,33.54
345.7,16.2,553.17,33.49
345.8,16.8,551.47,33.43
345.9,17,549.76,33.38
346,16.6,548.06,33.33
346.1,15.6,546.36,33.28
346.2,14.2,544.66,33.23
346.3,13,542.96,33.18
346.4,12.2,541.25,33.12
346.5,12,539.55,33.07
346.6,12.2,537.85,33.02
346.7,12.7,536.15,32.97
346.8,13.3,534.45,32.91
346.9,13.9,532.74,32.86
347,14.4,531.04,32.81
347.1,14.8,529.34,32.76
347.2,14.9,527.64,32.7
347.3,15,525.94,32.65
347.4,15.2,524.23,32.6
347.5,15.4,522.53,32.55
347.6,15.5,520.83,32.49
347.7,15.5,519.13,32.44
347.8,15.3,517.43,32.39
347.9,14.9,515.72,32.33
348,14.2,514.02,32.28
348.1,13.6,512.32,32.23
348.2,13.1,510.62,32.17
348.3,12.7,508.92,32.12
348.4,12.5,507.21,32.06
348.5,12.5,505.51,32.01
348.6,12.7,503.81,31.96
348.7,13,502.11,31.9
348.8,13.3,500.41,31.85
348.9,13.5,498.7,31.79
349,13.7,497,31.74
349.1,13.9,495.3,31.69
349.2,14.2,493.6,31.63
349.3,14.5,491.9,31.58
349.4,14.8,490.19,31.52
349.5,14.8,488.49,31.47
349.6,14.4,486.79,31.41
349.7,14,485.09,31.36
349.8,13.5,483.39,31.3
349.9,13.1,481.7,31.25
350,12.7,480.04,31.19
350.1,12.6,478.37,31.14
350.2,12.7,476.71,31.09
350.3,13.1,475.04,31.03
350.4,13.7,473.38,30.98
350.5,14.4,471.71,30.92
350.6,14.9,470.05,30.87
350.7,14.8,468.38,30.81
350.8,14.1,466.72,30.76
350.9,13.3,465.05,30.7
351,12.4,463.39,30.65
351.1,11.5,461.72,30.59
351.2,10.8,460.06,30.54
351.3,10.5,458.39,30.48
351.4,10.5,456.73,30.43
351.5,10.5,455.06,30.37
351.6,10.5,453.4,30.32
351.7,10.5,451.73,30.26
351.8,10.5,450.07,30.2
351.9,10.5,448.4,30.15
352,10.6,446.74,30.09
352.1,10.8,445.07,30.04
352.2,11.1,443.41,29.98
352.3,11.3,441.74,29.92
352.4,11.5,440.08,29.87
352.5,11.5,438.41,29.81
352.6,11.5,436.75,29.75
352.7,11.5,435.08,29.7
352.8,11.5,433.42,29.64
352.9,11.3,431.75,29.58
353,11.1,430.09,29.53
353.1,10.8,428.42,29.47
353.2,10.6,426.76,29.41
353.3,10.6,425.09,29.35
353.4,10.7,423.43,29.3
353.5,10.8,421.76,29.24
353.6,10.9,420.1,29.18
353.7,10.9,418.43,29.12
353.8,10.9,416.77,29.07
353.9,10.8,415.1,29.01
354,10.8,413.44,28.95
354.1,10.8,411.77,28.89
354.2,10.9,410.11,28.83
354.3,11.2,408.44,28.77
354.4,11.7,406.78,28.71
354.5,12.3,405.11,28.66
354.6,12.9,403.45,28.6
354.7,13.5,401.78,28.54
354.8,14,400.12,28.48
354.9,14.4,398.45,28.42
355,14.7,396.79,28.36
355.1,14.4,395.12,28.3
355.2,13.9,393.46,28.24
355.3,13.2,391.79,28.18
355.4,12.5,390.13,28.12
355.5,11.8,388.46,28.06
355.6,11.2,386.8,28
355.7,11,385.13,27.94
355.8,11.1,383.47,27.88
355.9,11.6,381.8,27.82
356,12.1,380.14,27.76
356.1,12.6,378.47,27.7
356.2,13,376.81,27.64
356.3,13.2,375.14,27.58
356.4,13.3,373.48,27.51
356.5,13.2,371.81,27.45
356.6,13.1,370.15,27.39
356.7,13.1,368.48,27.33
356.8,13.2,366.82,27.27
356.9,13.4,365.15,27.21
357,13.6,363.49,27.14
357.1,13.9,361.82,27.08
357.2,14.1,360.16,27.02
357.3,14.1,358.49,26.96
357.4,14,356.83,26.89
357.5,13.9,355.16,26.83
357.6,14,353.5,26.77
357.7,14.2,351.83,26.71
357.8,14.5,350.17,26.64
357.9,14.9,348.5,26.58
358,15.3,346.84,26.52
358.1,15.7,345.17,26.45
358.2,16.2,343.51,26.39
358.3,16.6,341.84,26.32
358.4,17,340.18,26.26
358.5,17.2,338.51,26.19
358.6,17.3,336.85,26.13
358.7,17.3,335.18,26.07
358.8,17.2,333.52,26
358.9,17.1,331.85,25.94
359,16.9,330.19,25.87
359.1,16.7,328.52,25.81
359.2,16.4,326.86,25.74
359.3,16.1,325.19,25.67
359.4,16,323.53,25.61
359.5,16.1,321.86,25.54
359.6,16.6,320.2,25.48
359.7,17.4,318.53,25.41
359.8,18.6,316.87,25.34
359.9,19.7,315.2,25.28
360,20.6,313.54,25.21
360.1,21.2,311.87,25.14
360.2,21,310.21,25.08
360.3,20.3,308.54,25.01
360.4,19.1,306.88,24.94
360.5,17.7,305.21,24.87
360.6,16.5,303.55,24.81
360.7,15.7,301.88,24.74
360.8,15.3,300.22,24.67
360.9,15.4,298.55,24.6
361,16,296.89,24.53
361.1,17,295.22,24.46
361.2,18.2,293.56,24.39
361.3,19.2,291.89,24.32
361.4,20,290.23,24.25
361.5,20.7,288.56,24.19
361.6,21.4,286.9,24.12
361.7,21.9,285.23,24.05
361.8,22.5,283.57,23.97
361.9,23.3,281.9,23.9
362,24.2,280.24,23.83
362.1,25.1,278.57,23.76
362.2,25.6,276.91,23.69
362.3,25.9,275.24,23.62
362.4,25.8,273.58,23.55
362.5,25.7,271.91,23.48
362.6,25.6,270.25,23.41
362.7,25.5,268.58,23.33
362.8,25.2,266.92,23.26
362.9,24.8,265.25,23.19
363,24.5,263.59,23.11
363.1,24,261.9,23.04
363.2,23.3,260.2,22.97
363.3,22.3,258.5,22.89
363.4,21.2,256.8,22.82
363.5,20,255.1,22.74
363.6,19,253.4,22.66
363.7,18.1,251.7,22.59
363.8,17.4,250.01,22.51
363.9,17.4,248.32,22.44
364,17,246.63,22.36
364.1,16.8,244.94,22.28
364.2,16.5,243.26,22.21
364.3,16.2,241.58,22.13
364.4,15.6,239.9,22.05
364.5,15.1,238.22,21.97
364.6,14.4,236.55,21.9
364.7,14.1,234.88,21.82
364.8,13.8,233.21,21.74
364.9,13.7,231.54,21.66
365,13.7,229.88,21.59
365.1,13.8,228.21,21.51
365.2,13.9,226.55,21.43
365.3,14,224.9,21.35
365.4,14.1,223.24,21.27
365.5,14.4,221.59,21.19
365.6,14.7,219.94,21.11
365.7,15,218.29,21.04
365.8,15.2,216.65,20.96
365.9,15.4,215,20.88
366,15.6,213.36,20.8
366.1,15.9,211.72,20.72
366.2,16.3,210.09,20.64
366.3,16.7,208.46,20.56
366.4,17,206.82,20.48
366.5,17.3,205.2,20.39
366.6,17.6,203.57,20.31
366.7,17.7,201.95,20.23
366.8,17.7,200.33,20.15
366.9,17.6,198.71,20.07
367,17.5,197.09,19.99
367.1,17.4,195.48,19.91
367.2,17.4,193.86,19.82
367.3,17.6,192.26,19.74
367.4,18,190.65,19.66
367.5,18.4,189.04,19.58
367.6,18.6,187.44,19.49
367.7,18.7,185.84,19.41
367.8,18.4,184.25,19.33
367.9,18,182.65,19.24
368,17.4,181.06,19.16
368.1,17.1,179.47,19.07
368.2,17.1,177.88,18.99
368.3,17.3,176.29,18.9
368.4,17.7,174.7,18.82
368.5,18.4,173.12,18.73
368.6,19.1,171.57,18.65
368.7,19.8,170.02,18.56
368.8,20.6,168.46,18.48
368.9,21.7,166.91,18.39
369,23,165.35,18.31
369.1,24.8,163.8,18.22
369.2,27.1,162.25,18.13
369.3,29.9,160.69,18.05
369.4,32.6,159.14,17.96
369.5,34.6,157.58,17.87
369.6,35.3,156.05,17.79
369.7,34.7,154.53,17.7
369.8,32.9,153.01,17.61
369.9,30.8,151.5,17.52
370,28.9,149.98,17.44
370.1,27.5,148.46,17.35
370.2,26.7,146.95,17.26
370.3,26.4,145.43,17.17
370.4,26.2,143.91,17.08
370.5,26.1,142.39,16.99
370.6,25.8,140.88,16.9
370.7,25.5,139.36,16.81
370.8,25,137.84,16.72
370.9,24.6,136.33,16.62
371,24.1,134.81,16.53
371.1,24,133.29,16.44
371.2,24,131.78,16.34
371.3,24,130.26,16.25
371.4,23.8,128.74,16.15
371.5,23.3,127.22,16.06
371.6,22.6,125.71,15.96
371.7,21.7,124.19,15.87
371.8,20.7,122.67,15.77
371.9,19.9,121.16,15.67
372,19.2,119.64,15.57
372.1,18.7,118.12,15.47
372.2,18.3,116.61,15.37
372.3,17.8,115.09,15.27
372.4,17.5,113.57,15.17
372.5,17.3,112.05,15.07
372.6,17.3,110.54,14.97
372.7,17.4,109.02,14.87
372.8,17.6,107.5,14.76
372.9,18,105.99,14.66
373,18.2,104.47,14.55
373.1,18.4,102.95,14.45
373.2,18.8,101.44,14.34
373.3,19.7,99.92,14.23
373.4,21.2,98.4,14.12
373.5,23.2,96.88,14.01
373.6,25.7,95.37,13.9
373.7,28.5,93.85,13.79
373.8,30.5,92.33,13.68
373.9,31.4,90.82,13.57
374,30.5,89.3,13.45
374.1,28.7,87.78,13.34
374.2,26.5,86.27,13.22
374.3,24.8,84.75,13.11
374.4,23.7,83.23,12.99
374.5,23.5,81.71,12.87
374.6,23.7,80.2,12.75
374.7,24.2,78.68,12.63
374.8,24.7,77.16,12.51
374.9,25,75.65,12.38
375,25.2,74.13,12.26
375.1,25.3,72.61,12.13
375.2,25.3,71.1,12
375.3,25.1,69.58,11.88
375.4,24.8,68.06,11.75
375.5,24.5,66.54,11.61
375.6,24.1,65.03,11.48
375.7,23.8,63.51,11.35
375.8,23.6,61.99,11.21
375.9,23.5,60.48,11.07
376,23.5,58.96,10.93
376.1,23.5,57.44,10.79
376.2,23.4,55.93,10.65
376.3,23.3,54.41,10.5
376.4,23.2,52.89,10.35
376.5,23.2,51.37,10.2
376.6,23.2,49.86,10.05
376.7,23.2,48.34,9.9
376.8,23.3,46.82,9.74
376.9,23.4,45.31,9.58
377,23.4,43.79,9.42
377.1,23.3,42.27,9.26
377.2,23.1,40.76,9.09
377.3,22.8,39.24,8.92
377.4,22.3,37.72,8.74
377.5,21.7,36.2,8.57
377.6,21,34.69,8.39
377.7,20.6,33.17,8.2
377.8,20.3,31.65,8.01
377.9,20.1,30.14,7.82
378,19.7,28.62,7.62
378.1,19.3,27.1,7.41
378.2,18.8,25.59,7.2
378.3,18.3,24.07,6.98
378.4,17.7,22.55,6.76
378.5,17.3,21.03,6.53
378.6,17.1,19.52,6.29
378.7,17.1,18,6.04
378.8,17.3,16.48,5.78
378.9,17.5,14.97,5.51
379,17.7,13.45,5.22
379.1,17.8,11.93,4.92
379.2,18.1,10.42,4.59
379.3,18.1,8.9,4.25
379.4,18.1,7.4,3.87
379.5,17.8,5.92,3.46
379.6,17.6,4.44,3
379.7,17.4,2.96,2.45
379.8,17.3,1.48,1.73
379.9,17.4,0,0
